# Blender 4.3.2
# www.blender.org
mtllib arrow_rig.mtl
o Plane.001
v -1.268089 2.035628 0.119467
v -3.074009 -0.490103 0.130982
v -2.697207 1.877337 0.129769
v -0.582737 2.067819 0.080276
v 1.907873 -0.390778 -0.720606
v 1.610913 -0.514087 -0.567289
v -0.647460 -1.277902 0.177790
v -0.024267 2.016638 0.024108
v -0.200263 -1.271298 0.094410
v -1.649691 0.370799 0.527268
v -1.626944 -0.223515 0.651223
v -2.758977 1.528239 0.284836
v -3.019279 -0.226752 0.299171
v 2.007190 0.712817 -0.677054
v 1.942154 -0.287097 -0.656023
v 1.682872 1.030618 -0.513069
v 1.734101 -0.548191 -0.483699
v -0.588627 1.661952 0.235966
v -0.696544 -1.068373 0.394996
v 0.087890 -1.222610 0.307252
v -0.050969 1.627284 0.184167
v 2.570627 0.482616 -1.007218
v 2.388745 -0.409169 -0.916434
v 2.726269 0.351497 -0.993432
v 2.596328 -0.316554 -0.915291
v 2.177034 -0.351963 -0.830458
v 2.045807 -0.342404 -0.777991
v 2.190906 0.583000 -0.756719
v 2.403053 0.484511 -0.851053
v 2.084940 -0.248982 -0.715394
v 2.254529 -0.268845 -0.782069
v 2.242229 1.573958 -0.839098
v 2.193858 0.685015 -0.838577
v 2.010545 0.860781 -0.704851
v 1.665404 1.227101 -0.535883
v 2.161593 0.717046 -0.773672
v 1.011689 -0.766375 -0.314771
v 1.295652 -0.787696 -0.201803
v 1.155568 1.309358 -0.230583
v 1.378483 1.954073 -0.442057
v 0.430662 -1.075700 -0.086424
v 0.704552 -1.053507 0.103064
v 0.706472 1.497688 -0.009609
v 0.831726 2.017265 -0.217451
v 1.051169 1.656179 -0.285069
v 2.573532 1.016683 -0.999150
v 2.440565 0.717425 -0.943448
v 2.383857 1.003141 -0.881964
v 2.055320 1.448498 -0.717681
v 2.390531 0.755410 -0.892292
v 1.513407 1.720530 -0.483357
v -2.556043 -0.799629 0.120116
v -2.026501 1.960849 0.130356
v -2.865003 0.745069 0.476656
v -2.953540 0.151588 0.475724
v -1.297649 1.614036 0.272463
v -1.455946 -0.876248 0.429352
v -2.148906 1.573890 0.285677
v -2.415066 -0.582730 0.333148
v 1.730911 0.634115 -0.368329
v 1.712053 0.107613 -0.357165
v -0.629134 0.687998 0.411726
v -0.654175 -0.318395 0.479883
v -0.098550 -0.169588 0.414534
v -0.053489 0.774613 0.372474
v 1.179581 0.068153 -0.063961
v 1.206519 0.754858 -0.079747
v 0.643736 -0.020320 0.206613
v 0.714131 0.786450 0.168957
v -1.849671 -0.175960 0.647564
v -1.856662 0.402295 0.540269
v 2.013681 0.077335 -0.537890
v 2.036880 0.445893 -0.549559
v 2.813807 0.095990 -0.984246
v 2.784903 -0.117039 -0.968510
v 2.421128 0.249297 -0.787108
v 2.363812 -0.023471 -0.760901
v 2.194072 0.348651 -0.670911
v 2.152748 0.038242 -0.649623
v -1.417936 0.535168 0.476689
v -1.462590 -0.351122 0.545477
v -2.366221 -0.084913 0.499370
v -2.300916 0.622827 0.474753
v 2.674786 -0.797331 -1.072413
v 2.958713 -0.635052 -1.162172
v 3.138856 -0.356162 -1.243962
v 2.981470 0.552675 -1.239425
v 3.187097 0.364004 -1.291371
v 3.190260 -0.057892 -1.273609
v 3.785054 0.801881 -1.697881
v 4.179906 0.555387 -1.920321
v 3.319142 -1.593596 -1.435410
v 3.769085 -1.501495 -1.688885
v 3.886674 -0.961793 -1.755129
v 3.973818 -0.342069 -1.804221
v -0.683647 0.638870 0.726084
v -0.877150 -0.205300 0.906183
v -0.952352 -0.182188 0.947219
v -0.749150 0.661731 0.767289
v -4.125562 0.291092 0.153040
v -3.909405 1.296201 0.306025
v -4.021942 0.416298 0.269484
v -3.952099 0.890840 0.381976
v -4.088352 0.676960 0.324234
v -4.935887 1.033403 0.170038
v -4.956590 1.146681 0.170472
v -4.912148 1.201197 0.169540
v -4.732903 1.309571 0.237865
v -4.598656 1.135603 0.320566
v -4.447045 0.968924 0.289547
v -4.535560 0.777660 0.242146
v -4.608705 0.690401 0.163175
v -3.600816 -0.162742 0.142032
v -3.458896 0.026689 0.282257
v -3.368194 0.271748 0.426398
v -3.539937 0.851583 0.404141
v -3.497245 1.256946 0.328190
v -3.202392 1.767814 0.133675
v -3.981313 1.574450 0.150014
v -4.736561 1.376234 0.165857
v 1.637974 -0.427477 -0.507097
v 0.681905 -1.109919 0.055516
v 1.722096 -0.554099 -0.493939
v -0.141533 -0.991205 0.324043
v 0.082714 -1.266643 0.269038
v 0.539035 -0.748710 0.151479
v 1.271771 -0.807710 -0.242524
v 1.105943 -0.575330 -0.134750
v 1.472788 -1.600648 0.054314
v 0.654543 -1.690988 0.340536
v 2.411729 -0.617286 -0.499088
v 2.184713 -1.065587 -0.306919
v 2.192607 -1.060275 -0.294908
v 1.477271 -1.589119 0.064977
v 2.418930 -0.614110 -0.494530
v 0.654123 -1.681506 0.349692
v -2.115323 -0.989211 0.118641
v -1.450074 -1.072149 0.267979
v -0.910203 -1.293320 0.223815
v -1.969736 -0.944589 0.191727
v -1.015954 -1.199677 0.279959
v -1.923286 -1.089958 0.120948
v -1.815274 -1.084669 0.157564
v -1.148447 -1.254523 0.240542
v -1.087922 -1.299706 0.210171
v -1.463006 -1.181775 0.205243
v -1.490310 -1.210812 0.137814
v -1.669772 0.371366 -0.345443
v -1.653456 -0.230909 -0.421150
v -2.766056 1.528239 -0.030596
v -3.026380 -0.226752 -0.039355
v 1.946871 0.712817 -0.820153
v 1.885477 -0.287097 -0.790604
v 1.614607 1.030618 -0.680749
v 1.647221 -0.548191 -0.704825
v -0.625525 1.661952 -0.075185
v -0.784808 -1.068396 -0.040741
v -0.070331 -1.222610 -0.220189
v -0.102019 1.627284 -0.123449
v 2.645743 0.351497 -1.147392
v 2.503590 -0.316553 -1.086044
v 2.132596 0.583000 -0.892076
v 2.345385 0.484511 -0.978459
v 2.027698 -0.248982 -0.850277
v 2.194424 -0.268845 -0.919192
v 1.969273 0.860781 -0.803092
v 1.628853 1.227101 -0.628017
v 2.124527 0.717046 -0.860645
v 1.142400 -0.787696 -0.601322
v 1.069423 1.309358 -0.465164
v 0.522646 -1.053509 -0.417784
v 0.617862 1.497688 -0.300689
v 1.036318 1.656179 -0.327987
v 2.357407 1.003141 -0.944819
v 2.028242 1.448498 -0.784546
v 2.368977 0.755410 -0.943164
v 1.499088 1.720530 -0.521377
v -2.879683 0.745069 -0.223153
v -2.968113 0.151668 -0.218593
v -1.321305 1.614036 -0.041436
v -1.502496 -0.876029 -0.070328
v -2.159767 1.573890 -0.029513
v -2.424174 -0.582424 -0.097247
v 1.533220 0.634115 -0.839718
v 1.510782 0.107614 -0.834883
v -0.692039 0.687998 -0.288578
v -0.758951 -0.318387 -0.252667
v -0.233883 -0.169581 -0.309838
v -0.153272 0.774613 -0.315732
v 0.932754 0.068153 -0.664756
v 0.978117 0.754858 -0.655604
v 0.386227 -0.020320 -0.475631
v 0.482119 0.786450 -0.483999
v -1.872466 -0.184049 -0.412807
v -1.875939 0.398946 -0.347246
v 1.850367 0.077335 -0.925016
v 1.875458 0.445893 -0.932810
v 2.677031 0.095990 -1.232992
v 2.642982 -0.117039 -1.220433
v 2.309354 0.249297 -1.034442
v 2.253155 -0.023471 -1.014965
v 2.071582 0.348651 -0.955596
v 2.027443 0.038242 -0.946652
v -1.475065 0.537754 -0.234600
v -1.513366 -0.353028 -0.234495
v -2.382519 -0.083400 -0.259912
v -2.316144 0.623806 -0.248986
v 2.898682 -0.635052 -1.268734
v 3.061981 -0.356162 -1.380422
v 3.129685 0.364004 -1.393879
v 3.113974 -0.057892 -1.409024
v -0.719337 0.625992 -0.625554
v -0.917668 -0.229744 -0.729873
v -0.995420 -0.209945 -0.767771
v -0.787416 0.645550 -0.664204
v -3.931448 1.282859 -0.010236
v -4.026917 0.416298 0.032353
v -3.948867 0.875753 -0.086855
v -4.095564 0.676960 -0.019564
v -4.735927 1.309571 0.093758
v -4.605265 1.135603 0.005501
v -4.452487 0.968924 0.030134
v -4.538935 0.777659 0.081205
v -3.464901 0.026689 -0.004021
v -3.380324 0.271748 -0.151839
v -3.535815 0.864523 -0.121095
v -3.518396 1.271630 -0.044475
v 1.574711 -0.427477 -0.661095
v 0.541195 -1.109949 -0.359483
v 1.646616 -0.554099 -0.686593
v -0.262775 -0.991200 -0.144908
v -0.053539 -1.266645 -0.185089
v 0.367174 -0.748711 -0.352241
v 1.156039 -0.807710 -0.547949
v 0.952735 -0.575330 -0.530855
v 1.128096 -1.600796 -0.884371
v 0.344395 -1.691369 -0.567824
v 2.164213 -0.617283 -1.137676
v 1.873091 -1.065587 -1.117953
v 1.870564 -1.060275 -1.132617
v 1.123186 -1.589217 -0.896852
v 2.166785 -0.614106 -1.145352
v 0.337940 -1.681948 -0.574744
v -1.467444 -1.072168 0.083525
v -1.974285 -0.944811 0.046928
v -1.042141 -1.199880 0.122568
v -1.818141 -1.084718 0.082016
v -1.160915 -1.254595 0.152850
v -1.470596 -1.181775 0.113519
v -2.388258 1.919683 0.128170
v -3.055162 -0.404605 0.211121
v -0.902916 2.061725 0.104436
v 1.061820 2.011372 -0.308222
v 1.324714 1.687438 -0.400935
v 2.632962 0.445731 -0.988718
v 1.988577 -0.358748 -0.755000
v 1.919923 -0.370136 -0.695956
v 1.787995 -0.440016 -0.669586
v 1.684030 -0.476609 -0.580061
v -0.449557 -1.280192 0.146037
v -0.633720 -1.230267 0.286805
v -0.802129 -1.273551 0.201612
v -0.315163 2.047296 0.056801
v 0.346928 -1.213537 0.181169
v -0.032271 1.908911 0.096666
v -1.273636 1.927475 0.190083
v -1.448849 -0.658988 0.511728
v -2.714945 1.785331 0.201175
v -2.986506 -0.047351 0.396653
v 2.001100 0.795936 -0.701518
v 1.666620 1.145308 -0.535466
v 1.673058 -0.180605 -0.425557
v -0.581114 1.960867 0.151405
v -0.665149 -0.730162 0.460388
v -0.245643 -1.197930 0.245781
v -0.051497 1.231962 0.285769
v -0.405484 -1.022028 0.367597
v -0.337090 1.657884 0.213734
v -1.052359 -0.977197 0.424295
v -0.905496 1.642518 0.259450
v 0.202118 -0.844882 0.264819
v 0.337190 1.571464 0.113495
v 1.819460 -0.335779 -0.602461
v 1.874599 0.859184 -0.617533
v -1.731594 1.590656 0.290246
v -1.937292 -0.725598 0.364383
v 2.570579 0.414962 -0.918032
v 2.433260 -0.292158 -0.841201
v 2.709772 -0.221752 -0.945617
v 2.466330 -0.383780 -0.896360
v 2.428543 0.548455 -0.939123
v 2.287589 -0.379226 -0.873232
v 2.100673 -0.339581 -0.799594
v 2.106455 0.629037 -0.719108
v 2.280538 0.539533 -0.798807
v 2.024762 -0.259527 -0.690668
v 2.147071 -0.253131 -0.742162
v 2.490607 1.287948 -0.957125
v 1.867682 1.340665 -0.626651
v 2.338317 0.576239 -0.858454
v 2.177764 0.658261 -0.773285
v 2.312070 -0.158975 -0.767286
v 2.118203 -0.120723 -0.677776
v 2.205712 -0.332478 -0.801984
v 2.061240 -0.321171 -0.748369
v 2.296856 0.732039 -0.843818
v 2.320404 0.682055 -0.892581
v 1.531144 -0.660267 -0.387091
v 2.105550 0.763433 -0.743997
v 2.192044 0.692955 -0.807912
v 1.876408 1.026318 -0.639611
v 1.382686 -0.488322 -0.316238
v 1.419204 1.183147 -0.371500
v 1.189440 1.056291 -0.152908
v 2.111502 -0.568676 -0.499636
v 1.820836 1.805753 -0.642232
v 2.539985 0.824482 -0.985298
v 0.991196 -0.966748 -0.090212
v 0.832153 -0.662236 0.018192
v 0.948917 1.411971 -0.120804
v 0.354545 1.994928 -0.051841
v 2.121181 -0.564345 -0.493878
v 0.715863 1.156202 0.088303
v 0.703756 1.798238 -0.092177
v 1.108021 1.500860 -0.270612
v 1.359793 1.429836 -0.407487
v 0.882761 1.898430 -0.226235
v 2.521794 1.019054 -0.957317
v 2.192779 1.536625 -0.794962
v 2.412778 0.838086 -0.898603
v 2.427643 0.729297 -0.920692
v 2.265454 1.228054 -0.819556
v 1.770159 1.610174 -0.593361
v 1.437406 1.860869 -0.456822
v 2.202649 0.944563 -0.793903
v -2.812487 -0.653071 0.125496
v -1.648083 2.000403 0.130146
v -2.488082 1.558921 0.284055
v -2.775180 -0.374573 0.322051
v -2.223246 1.136045 0.390362
v -2.066574 1.860866 0.201195
v -2.537751 -0.724708 0.222745
v -2.811944 1.148538 0.388796
v 1.732980 0.383238 -0.335472
v 1.708313 0.856045 -0.447990
v -1.333359 1.127662 0.382736
v -1.345464 0.047019 0.514363
v -2.913051 0.409904 0.506411
v -0.602514 1.212500 0.334932
v -0.647480 0.163916 0.460208
v -0.115898 -0.609956 0.383434
v -0.076036 0.299576 0.413186
v 1.142313 -0.295190 -0.096176
v 1.203312 0.424203 -0.055069
v 0.584273 -0.432678 0.187256
v 0.692905 0.393182 0.200708
v -2.407373 -0.331311 0.440634
v -2.432261 0.256774 0.499151
v -2.618724 0.720807 0.474544
v -2.711654 0.064450 0.485271
v 0.288664 -0.089518 0.342004
v 0.343905 0.787222 0.305847
v 0.924133 0.030831 0.071504
v 0.975310 0.777997 0.043871
v -1.878608 0.667083 0.437090
v -1.937151 -0.323111 0.531320
v 1.894737 0.097751 -0.462590
v 1.915340 0.536787 -0.471812
v 1.457584 0.095969 -0.214354
v 1.475010 0.708139 -0.232380
v -0.992420 -0.360669 0.515920
v -0.960491 0.617900 0.442682
v -0.386452 -0.250010 0.447624
v -0.352284 0.741525 0.396536
v 1.977882 -0.124430 -0.593703
v 2.023464 0.595197 -0.614489
v 2.034506 0.271683 -0.521294
v 2.786927 0.225357 -0.991493
v 2.816262 -0.014939 -0.978819
v 2.426147 0.374641 -0.821535
v 2.400535 0.115136 -0.766211
v 2.197267 0.478925 -0.715554
v 2.178877 0.198967 -0.646853
v 2.091583 0.058054 -0.597993
v 2.281034 0.307258 -0.724175
v 2.226835 0.012837 -0.699285
v 2.629999 0.170129 -0.880007
v 2.590807 -0.071895 -0.857728
v 2.121890 0.387674 -0.614104
v -1.598925 0.066552 0.587748
v -1.893643 0.122391 0.593686
v -1.756106 0.496733 0.511954
v -1.736186 -0.310474 0.666721
v -1.729467 0.316770 0.486363
v -1.688426 -0.218771 0.566773
v -2.138404 -0.097698 0.530688
v -2.165501 0.382547 0.491247
v 3.078746 -0.496708 -1.214794
v 2.781241 -0.749059 -1.092694
v 2.704322 -0.371762 -0.989304
v 2.468057 -0.474236 -0.956209
v 2.902425 -0.168964 -1.064498
v 3.068278 0.503657 -1.251129
v 3.215918 0.155433 -1.294049
v 2.859288 0.322513 -1.078628
v 2.935779 0.041272 -1.084130
v 2.693709 0.462193 -1.074757
v 3.167420 -0.220753 -1.259024
v 3.971696 0.792735 -1.803026
v 3.504562 0.742820 -1.539867
v 3.816519 0.482035 -1.679938
v 3.495796 -1.673086 -1.534929
v 3.471185 -1.177952 -1.485051
v 3.084784 -1.387610 -1.303384
v 3.612880 -0.735862 -1.556965
v 3.882980 -1.228423 -1.753048
v 3.687924 -0.237279 -1.599327
v 3.894264 -0.689029 -1.759404
v 4.132506 0.117670 -1.893618
v -0.684259 0.227513 0.832187
v -0.767277 0.257073 0.886834
v -0.588796 0.785855 0.743692
v -0.862740 -0.301269 0.975329
v -1.223427 0.607115 0.652919
v -1.119944 0.581672 0.617883
v -1.248024 -0.281369 0.802837
v -1.368258 -0.253467 0.837143
v -4.089561 0.331736 0.216354
v -3.981938 0.507900 0.306016
v -4.016114 1.101651 0.339410
v -4.133631 0.704580 0.349393
v -3.335914 -0.337634 0.136476
v -3.736467 0.216342 0.276758
v -3.148349 0.201539 0.457978
v -3.754860 0.787258 0.408789
v -2.997483 1.470818 0.286623
v -4.967875 1.092578 0.170709
v -4.931586 1.202572 0.169948
v -4.754437 1.173007 0.240394
v -4.275434 0.585950 0.259754
v -4.361050 0.479235 0.157980
v -4.691073 1.240269 0.279306
v -4.448999 0.984933 0.354206
v -4.418592 1.342419 0.260145
v -4.199987 0.779080 0.310461
v -4.816550 1.019155 0.211750
v -4.853586 0.938992 0.168312
v -4.584414 0.714435 0.205847
v -4.489130 0.866823 0.268731
v -3.869178 0.063111 0.147662
v -3.230461 -0.108869 0.287132
v -3.676796 0.418060 0.378651
v -3.081347 0.708828 0.474370
v -3.694483 1.360527 0.301378
v -2.938938 1.831080 0.129803
v -3.433229 1.046134 0.370756
v -3.227778 1.672727 0.205119
v -3.397022 0.146858 0.358794
v -3.358291 0.436405 0.466413
v -3.550174 -0.100141 0.210612
v -3.568425 1.677718 0.141353
v -4.009105 1.523119 0.213686
v -4.369705 1.473753 0.158161
v -4.739785 1.357399 0.200433
v 1.794113 -0.514647 -0.527771
v 0.121336 -1.193786 0.009225
v -0.011118 -1.265438 0.315411
v 0.361628 -1.151701 0.231830
v 1.311357 -0.631921 -0.438369
v 1.550763 -0.649654 -0.363024
v 0.722489 -0.923679 -0.197300
v 1.016189 -0.928339 -0.043005
v 1.579140 -0.528385 -0.482114
v 1.561725 -0.545421 -0.508107
v 0.485413 -1.055662 -0.002565
v -0.065160 -1.216740 0.188763
v -0.044524 -1.097357 0.288040
v 0.541256 -0.906784 0.123156
v 1.059818 -0.765142 -0.262916
v 1.110304 -0.705680 -0.166930
v 1.005548 -1.709730 0.239660
v 2.384155 -0.781972 -0.436870
v 2.358190 -1.113140 -0.317377
v 1.875440 -1.364975 -0.137829
v 1.620418 -1.693664 0.052459
v 2.502118 -0.588305 -0.521047
v 0.641734 -1.735586 0.372568
v 1.006986 -1.697700 0.249796
v 2.392704 -0.777929 -0.428486
v 1.882016 -1.356532 -0.125430
v 1.090844 -1.322746 0.083302
v 1.742926 -0.924804 -0.249693
v 1.730064 -0.933946 -0.268338
v 1.082226 -1.344265 0.064351
v 0.364624 -1.477602 0.349368
v 0.364653 -1.493366 0.336447
v -2.315794 -0.900790 0.116419
v -1.455067 -1.000599 0.340181
v -2.093682 -0.952974 0.160201
v -1.737920 -0.994113 0.217438
v -1.197817 -1.141217 0.281873
v -0.926411 -1.251802 0.263241
v -0.893841 -1.168040 0.332727
v -2.148815 -0.814502 0.250309
v -1.529084 -1.141209 0.113004
v -1.869990 -1.087887 0.143230
v -1.115124 -1.279330 0.228293
v -1.268722 -1.229655 0.233533
v -1.262479 -1.265282 0.186024
v -1.094326 -1.233464 0.251449
v -0.977696 -1.305067 0.229248
v -1.870759 -1.033457 0.165338
v -2.042819 -1.037229 0.119997
v -1.672300 -1.127284 0.173672
v -1.727503 -1.149454 0.119360
v -1.476006 -1.203995 0.175225
v -1.452885 -1.134071 0.229497
v -3.058538 -0.404605 0.050122
v 1.310086 1.687438 -0.440937
v 2.592059 0.445731 -1.069984
v 1.898642 -0.370136 -0.746520
v 1.663870 -0.476609 -0.629726
v -0.682575 -1.230604 0.070283
v 0.209721 -1.213576 -0.255208
v -0.056468 1.908910 -0.042587
v -1.284886 1.927475 0.047962
v -1.503500 -0.659182 -0.153539
v -2.718446 1.785331 0.058334
v -2.997729 -0.047315 -0.138114
v 1.960217 0.795936 -0.798698
v 1.626081 1.145308 -0.636957
v 1.533023 -0.180604 -0.758747
v -0.598321 1.960867 0.010448
v -0.775343 -0.730166 -0.166347
v -0.316003 -1.197941 -0.020772
v -0.129657 1.231962 -0.229101
v -0.512115 -1.022039 -0.091160
v -0.378505 1.657884 -0.096070
v -1.119711 -0.977223 -0.062566
v -0.936933 1.642518 -0.053095
v 0.052892 -0.844882 -0.251957
v 0.268485 1.571463 -0.190197
v 1.761845 -0.335779 -0.739546
v 1.811740 0.859184 -0.767456
v -1.749945 1.590656 -0.024430
v -1.952270 -0.725373 -0.128494
v 2.501028 0.414963 -1.061406
v 2.355314 -0.292158 -0.999908
v 2.584471 -0.221752 -1.168038
v 2.417890 -0.383780 -0.989593
v 2.046742 0.629037 -0.859101
v 2.224874 0.539534 -0.926002
v 1.967561 -0.259527 -0.826278
v 2.090856 -0.253131 -0.873102
v 1.834209 1.340665 -0.710094
v 2.308167 0.576239 -0.926427
v 2.135550 0.658261 -0.871801
v 2.222546 -0.158975 -0.971521
v 2.023500 -0.120723 -0.902263
v 2.175865 -0.332478 -0.870203
v 2.035211 -0.321171 -0.809560
v 2.268936 0.732039 -0.909516
v 1.438225 -0.660267 -0.627062
v 2.064002 0.763433 -0.842051
v 2.170438 0.692955 -0.858468
v 1.835654 1.026318 -0.738408
v 1.267301 -0.488322 -0.604545
v 1.342081 1.183147 -0.569252
v 1.032134 1.056291 -0.566089
v 1.941031 -0.568676 -0.938135
v 0.857025 -0.966755 -0.460066
v 0.659722 -0.662237 -0.448380
v 0.857378 1.411971 -0.388221
v 1.944733 -0.564345 -0.948105
v 0.558464 1.156202 -0.400155
v 0.664131 1.798238 -0.224964
v 1.066242 1.500860 -0.387902
v 1.332815 1.429836 -0.479129
v 0.876428 1.898430 -0.245682
v 2.507520 1.019054 -0.991214
v 2.177567 1.536625 -0.832304
v 2.389094 0.838086 -0.954627
v 2.415218 0.729297 -0.950030
v 2.236930 1.228054 -0.888403
v 1.749518 1.610174 -0.645928
v 1.429558 1.860869 -0.478022
v 2.167496 0.944563 -0.877423
v -2.496238 1.558921 -0.031315
v -2.783455 -0.374573 -0.072451
v -2.239449 1.136045 -0.138818
v -2.072084 1.860866 0.058484
v -2.542071 -0.724708 0.016810
v -2.822985 1.148538 -0.137596
v 1.510341 0.383238 -0.864739
v 1.574908 0.856045 -0.767047
v -1.376289 1.127860 -0.143528
v -1.410135 0.047040 -0.265820
v -2.928936 0.409904 -0.250867
v -0.658968 1.212500 -0.186028
v -0.727355 0.163916 -0.307552
v -0.256644 -0.609956 -0.239668
v -0.189734 0.299576 -0.345339
v 0.939871 -0.295190 -0.601741
v 0.943470 0.424203 -0.687890
v 0.373483 -0.432686 -0.412509
v 0.419320 0.393182 -0.508095
v -2.421287 -0.329265 -0.195422
v -2.448642 0.259600 -0.271334
v -2.633532 0.720806 -0.231371
v -2.726865 0.064755 -0.238195
v 0.066261 -0.089518 -0.359940
v 0.157095 0.787222 -0.366856
v 0.661950 0.030831 -0.579397
v 0.739445 0.777998 -0.575059
v -1.903076 0.674690 -0.228333
v -1.955907 -0.323244 -0.268464
v 1.713429 0.097751 -0.892370
v 1.735333 0.536787 -0.899742
v 1.231843 0.095969 -0.752670
v 1.258783 0.708139 -0.752559
v -1.084477 -0.360797 -0.224408
v -1.023500 0.617900 -0.261077
v -0.498228 -0.250024 -0.282717
v -0.428138 0.741525 -0.298913
v 1.865361 -0.124430 -0.860427
v 1.913089 0.595197 -0.876065
v 1.853012 0.271683 -0.951514
v 2.672955 0.225357 -1.203093
v 2.670379 -0.014939 -1.240325
v 2.338243 0.374641 -1.014740
v 2.280946 0.115136 -1.035261
v 2.106727 0.478925 -0.925354
v 2.043662 0.198967 -0.965098
v 1.947780 0.058054 -0.938873
v 2.169881 0.307258 -0.979227
v 2.114694 0.012837 -0.964744
v 2.497584 0.170129 -1.133024
v 2.451379 -0.071895 -1.112582
v 1.980738 0.387673 -0.945866
v -1.620305 0.063463 -0.388412
v -1.915039 0.116968 -0.379998
v -1.775010 0.498015 -0.332755
v -1.759971 -0.317749 -0.438865
v -1.754687 0.320709 -0.277559
v -1.719791 -0.221545 -0.301095
v -2.155946 -0.097708 -0.293490
v -2.180954 0.379591 -0.290571
v 3.005886 -0.496708 -1.344127
v 2.747295 -0.749059 -1.152950
v 2.620245 -0.371762 -1.139767
v 2.785976 -0.168964 -1.271206
v 3.036360 0.503657 -1.308710
v 3.144751 0.155433 -1.420377
v 2.783717 0.322513 -1.217742
v 2.821517 0.041272 -1.288026
v 3.089664 -0.220753 -1.397048
v 3.786013 0.482035 -1.734090
v 3.440385 -1.177952 -1.539725
v 3.575314 -0.735862 -1.623647
v 3.650432 -0.237279 -1.665878
v -0.723615 0.207849 -0.700456
v -0.810051 0.233040 -0.751898
v -0.626785 0.771472 -0.659921
v -0.906881 -0.330584 -0.792434
v -1.253337 0.598522 -0.516870
v -1.147715 0.576017 -0.486524
v -1.280916 -0.298745 -0.598329
v -1.403231 -0.273773 -0.627091
v -4.092247 0.331736 0.088272
v -3.988480 0.507900 -0.005824
v -4.025703 1.081632 -0.041454
v -4.141857 0.704580 -0.042803
v -3.741997 0.216342 0.013113
v -3.161996 0.201539 -0.192610
v -3.745949 0.785823 -0.119844
v -3.004078 1.470818 -0.027733
v -4.757547 1.173007 0.092135
v -4.279777 0.585950 0.052704
v -4.695871 1.240269 0.050599
v -4.457150 0.984933 -0.034386
v -4.422826 1.342419 0.058318
v -4.206524 0.779080 -0.001122
v -4.818404 1.019155 0.123358
v -4.586225 0.714435 0.119521
v -4.493662 0.866823 0.052697
v -3.236871 -0.108869 -0.018470
v -3.686652 0.418060 -0.091192
v -3.095741 0.708828 -0.211797
v -3.721315 1.361559 -0.011487
v -3.441561 1.065751 -0.089876
v -3.230752 1.672727 0.063357
v -3.406291 0.146858 -0.083084
v -3.372108 0.436405 -0.192233
v -3.553094 -0.100141 0.071390
v -4.011750 1.523119 0.087564
v -4.741233 1.357399 0.131446
v 1.722153 -0.514647 -0.711354
v -0.155901 -1.265439 -0.176138
v 0.188842 -1.151709 -0.306997
v 1.431656 -0.649654 -0.667014
v 0.840904 -0.928363 -0.518480
v 1.527932 -0.528385 -0.611083
v 1.536876 -0.545421 -0.571213
v 0.425635 -1.055662 -0.188265
v -0.132006 -1.216740 -0.049146
v -0.165247 -1.097358 -0.145569
v 0.387102 -0.906784 -0.330124
v 1.013496 -0.765142 -0.386687
v 0.981567 -0.705680 -0.503598
v 0.669418 -1.709878 -0.712904
v 2.104389 -0.782072 -1.161858
v 2.007648 -1.113133 -1.228194
v 1.540715 -1.364985 -1.023183
v 1.237641 -1.693911 -0.981619
v 2.246798 -0.588322 -1.180562
v 0.316730 -1.736795 -0.581379
v 0.662587 -1.697752 -0.722934
v 2.105455 -0.778036 -1.173223
v 1.536806 -1.356543 -1.037578
v 0.823731 -1.322792 -0.654650
v 1.506556 -0.924805 -0.864784
v 1.512168 -0.933947 -0.838356
v 0.832977 -1.344327 -0.630712
v 0.119888 -1.477777 -0.401384
v 0.129634 -1.493743 -0.389241
v -1.485671 -1.000856 0.017262
v -2.095992 -0.953030 0.077672
v -1.746284 -0.994733 0.042348
v -1.221545 -1.141259 0.098563
v -0.944841 -1.251922 0.173312
v -0.943490 -1.168264 0.061989
v -2.155539 -0.814502 -0.016797
v -1.871656 -1.087921 0.096976
v -1.123398 -1.279429 0.173877
v -1.279790 -1.229730 0.140451
v -1.110396 -1.233618 0.145627
v -1.873954 -1.033661 0.074763
v -1.676797 -1.127339 0.088114
v -1.479895 -1.203995 0.123452
v -1.463770 -1.134077 0.109208
v -2.287291 -0.856617 0.190932
v 2.002310 -0.337089 -0.727498
v 1.866762 0.954823 -0.641458
v 0.914014 1.670072 -0.180211
v -0.899133 1.952936 0.175218
v -0.321018 1.943202 0.128634
v -0.426949 -1.216805 0.268161
v -0.341646 1.236307 0.314430
v -0.931534 1.167113 0.351562
v 1.436979 -1.158881 -0.106403
v 1.452328 0.971726 -0.300775
v 1.802081 -0.420944 -0.647792
v 1.896059 0.717488 -0.546000
v -1.952464 -0.517285 0.473008
v -1.673946 1.895259 0.202021
v 0.342107 0.353469 0.340171
v 2.058130 -0.117283 -0.639977
v 0.970790 1.112501 -0.033348
v 2.489550 0.506943 -0.922372
v 2.245856 0.621659 -0.811155
v 2.524508 -0.190945 -0.847317
v 2.186441 -0.134794 -0.715767
v 2.341500 -0.356958 -0.845985
v 2.118391 -0.319858 -0.770259
v 2.072208 1.138300 -0.727216
v 2.100543 0.704999 -0.739878
v 1.448419 -1.143531 -0.086085
v 1.594830 1.509938 -0.512112
v 2.508448 0.833363 -0.954618
v 2.174255 -0.514470 -0.534824
v 0.339909 1.200191 0.219747
v 0.347054 1.866398 0.023221
v 2.316939 0.693311 -0.868955
v 1.383715 1.326673 -0.401136
v 2.426092 1.275345 -0.906604
v 1.824909 1.737452 -0.627980
v 2.269019 0.809469 -0.824722
v 1.137550 1.899238 -0.329304
v -2.745461 -0.167255 0.416919
v -2.419854 1.825783 0.199275
v -2.802349 -0.564233 0.223107
v -2.556178 1.156521 0.383974
v -2.676156 0.356829 0.507885
v 0.874606 -0.360557 0.052322
v 0.231275 -0.518176 0.310012
v 0.961006 0.416789 0.070721
v -1.790763 1.127245 0.392175
v -1.133677 0.764148 0.601617
v 1.856002 -0.143699 -0.528453
v 1.915883 0.328871 -0.441106
v 1.420982 -0.232189 -0.270679
v 1.477362 0.414710 -0.197578
v -1.013275 -0.725746 0.485177
v -0.980847 0.096014 0.483257
v -0.392679 -0.682747 0.426060
v -0.373393 0.234531 0.437625
v 2.113348 0.230599 -0.588713
v 2.116625 0.522543 -0.667795
v 2.290258 0.434277 -0.763784
v 2.259771 0.164147 -0.700871
v 2.615934 0.296922 -0.900946
v 2.623627 0.047949 -0.866775
v -1.631927 0.032237 0.538787
v -2.229041 0.157107 0.514113
v -1.956470 0.442995 0.477365
v -1.909346 -0.250221 0.561387
v 2.556175 -0.445328 -0.949893
v 2.825955 -0.273195 -1.032953
v 2.916343 0.182325 -1.085337
v 2.760735 0.423836 -1.063235
v 2.934510 -0.070601 -1.079382
v 3.643760 0.695002 -1.597897
v 3.232399 -1.358962 -1.365920
v 3.587987 -0.955273 -1.544210
v 3.628749 -0.514897 -1.565776
v 3.797788 0.130089 -1.662647
v -0.537300 0.271704 0.907393
v -1.154403 0.146352 0.705598
v -1.328441 -0.434409 0.858273
v -1.307715 0.183387 0.754292
v -3.822162 0.113898 0.214590
v -3.707328 0.542650 0.414262
v -3.680854 0.314148 0.331887
v -4.783101 1.089248 0.227360
v -4.849202 0.969424 0.191665
v -4.436357 1.181589 0.309195
v -4.332154 0.511490 0.213797
v -4.227570 0.676113 0.290136
v -3.041048 1.093157 0.391432
v -2.956749 1.734451 0.200659
v -3.181574 0.040464 0.378896
v -3.116563 0.413482 0.495473
v -3.298380 -0.262515 0.207492
v -3.598421 1.601327 0.211085
v -4.387449 1.441138 0.209226
v 1.642813 -0.510348 -0.538658
v 0.178101 -1.164967 0.101974
v -0.142946 -1.184019 0.261833
v 0.218528 -1.001703 0.234965
v 1.341320 -0.636350 -0.400489
v 1.377482 -0.602816 -0.339704
v 0.777626 -0.913525 -0.127899
v 0.835458 -0.808650 -0.012056
v 2.547660 -0.798945 -0.449227
v 2.042051 -1.439731 -0.145612
v 1.116366 -1.802933 0.253577
v 1.976216 -0.712740 -0.397115
v 0.685488 -1.429609 0.243358
v 0.681748 -1.452499 0.223586
v 1.963059 -0.719131 -0.409454
v 0.257358 -1.505272 0.378968
v -1.126972 -1.092212 0.347278
v -0.805104 -1.240521 0.276098
v -1.841312 -0.884960 0.276587
v -1.014563 -1.271955 0.246237
v -1.694666 -1.146691 0.148241
v -1.244452 -1.188609 0.249607
v -1.979657 -1.026515 0.145688
v -1.518219 -1.180337 0.113548
v -1.683624 -1.075312 0.190273
v -1.269428 -1.253499 0.212881
v -2.290620 -0.856617 0.041684
v 1.978439 -0.337089 -0.784131
v 1.826374 0.954823 -0.738624
v 0.872260 1.670072 -0.306322
v -0.913548 1.952936 0.033647
v -0.340643 1.943202 -0.011672
v -0.486578 -1.216905 0.025114
v -0.405639 1.236307 -0.204074
v -0.978374 1.167113 -0.172017
v 1.197005 -1.158899 -0.749265
v 1.305877 0.971726 -0.665428
v 1.782253 -0.420944 -0.695021
v 1.775354 0.717488 -0.833452
v -1.971426 -0.515485 -0.208178
v -1.682548 1.895259 0.059514
v 0.095767 0.353469 -0.385452
v 1.954506 -0.117283 -0.885614
v 0.806824 1.112501 -0.489916
v 2.455248 0.506943 -0.995810
v 2.210256 0.621659 -0.893295
v 2.408792 -0.190945 -1.063744
v 2.098546 -0.134794 -0.922411
v 2.301970 -0.356958 -0.929528
v 2.091605 -0.319858 -0.832564
v 2.035938 1.138300 -0.814948
v 2.057569 0.704999 -0.841044
v 1.189442 -1.143546 -0.775681
v 1.569928 1.509938 -0.576353
v 2.495990 0.833363 -0.984106
v 2.011605 -0.514470 -0.953704
v 0.223737 1.200191 -0.288020
v 0.315081 1.866398 -0.114096
v 2.300981 0.693311 -0.906478
v 1.342386 1.326673 -0.509341
v 2.410296 1.275345 -0.944621
v 1.813307 1.737452 -0.657536
v 2.235866 0.809469 -0.903007
v 1.131060 1.899238 -0.347935
v -2.757808 -0.166824 -0.167781
v -2.423867 1.825783 0.056467
v -2.806452 -0.564233 0.027546
v -2.567242 1.156521 -0.143503
v -2.692312 0.356828 -0.262275
v 0.658965 -0.360557 -0.512704
v 0.057908 -0.518176 -0.309217
v 0.685871 0.416789 -0.607396
v -1.819995 1.128065 -0.125449
v -1.161695 0.759166 -0.483084
v 1.733837 -0.143699 -0.818335
v 1.713136 0.328871 -0.922196
v 1.247024 -0.232189 -0.687159
v 1.234177 0.414710 -0.778588
v -1.098327 -0.725758 -0.151441
v -1.052960 0.096014 -0.287844
v -0.516277 -0.682747 -0.198237
v -0.461432 0.234531 -0.327266
v 1.956322 0.230599 -0.960938
v 2.016469 0.522543 -0.902223
v 2.205315 0.434277 -0.957350
v 2.138505 0.164147 -0.982667
v 2.511698 0.296922 -1.108536
v 2.478862 0.047949 -1.135364
v -1.663252 0.032549 -0.303498
v -2.246104 0.159150 -0.290186
v -1.973150 0.440590 -0.281180
v -1.928097 -0.252856 -0.303692
v 2.510410 -0.445328 -1.033675
v 2.719371 -0.273195 -1.222150
v 2.816282 0.182325 -1.266575
v 2.720457 0.423836 -1.139037
v 2.815332 -0.070600 -1.290934
v 3.626324 0.695002 -1.628848
v 3.214760 -1.358962 -1.397231
v 3.551507 -0.955273 -1.608967
v 3.591074 -0.514897 -1.632654
v 3.761518 0.130089 -1.727029
v -0.581890 0.246636 -0.787722
v -1.184472 0.135274 -0.539239
v -1.363528 -0.455695 -0.637106
v -1.340751 0.168197 -0.580950
v -3.825010 0.113898 0.078821
v -3.718650 0.542650 -0.125491
v -3.688746 0.314148 -0.044299
v -4.785640 1.089248 0.106359
v -4.850185 0.969425 0.144795
v -4.442632 1.181589 0.010056
v -4.334520 0.511490 0.101000
v -4.233229 0.676113 0.020342
v -3.051998 1.093157 -0.130622
v -2.959795 1.734451 0.057932
v -3.191875 0.040464 -0.112204
v -3.131810 0.413482 -0.231405
v -3.301390 -0.262515 0.063948
v -3.601319 1.601327 0.072940
v -4.389575 1.441139 0.107885
v 1.613872 -0.510348 -0.611583
v 0.118568 -1.164967 -0.098648
v -0.235791 -1.184015 -0.075829
v 0.078210 -1.001703 -0.232139
v 1.307968 -0.636350 -0.487005
v 1.286806 -0.602816 -0.570286
v 0.720853 -0.913516 -0.287682
v 0.685071 -0.808650 -0.423457
v 2.232459 -0.798929 -1.263872
v 1.668970 -1.439997 -1.128444
v 0.744334 -1.803314 -0.794417
v 1.773073 -0.712740 -0.920696
v 0.425939 -1.429726 -0.512187
v 0.437785 -1.452588 -0.492942
v 1.772827 -0.719131 -0.900786
v 0.019262 -1.505529 -0.363030
v -1.170226 -1.092212 0.029727
v -0.836902 -1.241189 0.125922
v -1.852578 -0.885112 -0.038704
v -1.025869 -1.271982 0.184399
v -1.696980 -1.146708 0.099377
v -1.259380 -1.188703 0.128515
v -1.981286 -1.026619 0.094113
v -1.689651 -1.075543 0.078682
v -1.275718 -1.253555 0.159759
v -4.091958 0.607643 0.152335
v -4.449766 0.899607 0.159841
v -4.755993 1.103691 0.166264
v -4.203256 0.709763 0.154670
v -3.961709 0.650074 0.212340
v -3.964340 0.650074 0.086920
v -4.477426 1.108717 0.099604
v -4.474875 1.108717 0.221184
v -4.173864 0.882679 0.219967
v -4.176628 0.882679 0.088197
v -4.645420 1.282686 0.221053
v -4.647815 1.282686 0.106887
v -4.705915 1.330514 0.122588
v -4.704127 1.330514 0.207802
v -4.004761 0.677695 0.086089
v -4.002059 0.677695 0.214866
v -4.579041 1.213384 0.110460
v -4.576857 1.213384 0.214599
v -4.318498 0.958047 0.222388
v -4.321236 0.958047 0.091844
v -4.065737 1.411666 0.277555
v -4.124956 1.119997 0.336675
v -4.307382 0.909564 0.367162
v -3.348514 0.688247 0.456476
v -3.739074 0.626698 0.415993
v -3.659444 1.428739 0.286524
v -3.279421 1.457760 0.288656
v -3.322642 1.047627 0.385183
v -4.071011 1.411666 0.026125
v -4.132657 1.119997 -0.030459
v -4.316201 0.909564 -0.053269
v -3.361923 0.688247 -0.182715
v -3.750441 0.626698 -0.125890
v -3.665452 1.428739 0.000127
v -3.285852 1.457761 -0.017940
v -3.333084 1.047627 -0.112569
v -3.433229 1.046134 0.370756
v -3.694483 1.360527 0.301378
v -4.016114 1.101651 0.339410
v -3.754860 0.787258 0.408789
v -3.745949 0.785823 -0.119844
v -4.025703 1.081632 -0.041454
v -3.721315 1.361559 -0.011487
v -3.441561 1.065751 -0.089876
v -3.909405 1.296201 0.306025
v -3.952099 0.890840 0.381976
v -3.539937 0.851583 0.404141
v -3.497245 1.256946 0.328190
v -3.931448 1.282859 -0.010236
v -3.948867 0.875753 -0.086855
v -3.535815 0.864523 -0.121095
v -3.518396 1.271630 -0.044475
v -3.475617 1.058213 0.412060
v -3.556978 1.078315 0.474276
v -3.700078 1.328328 0.352453
v -3.929139 1.101629 0.388852
v -3.747094 0.882564 0.437253
v -3.854782 1.237192 0.365569
v -3.884533 0.954735 0.418532
v -3.597332 0.927393 0.434052
v -3.567582 1.209852 0.381084
v -3.884732 1.273062 0.356446
v -3.976412 1.105911 0.385129
v -3.921412 0.924789 0.421700
v -3.567296 0.891061 0.440744
v -3.751951 0.835795 0.444737
v -3.705021 1.282022 0.362366
v -3.530617 1.239335 0.375489
v -3.522974 1.062958 0.410767
v -3.522974 1.062958 0.410767
v -3.626098 1.093913 0.519952
v -3.705021 1.282022 0.362366
v -3.929139 1.101629 0.388852
v -3.747094 0.882564 0.437253
v -3.854782 1.237192 0.365569
v -3.884533 0.954735 0.418532
v -3.597332 0.927393 0.434052
v -3.567582 1.209852 0.381084
v -3.695438 1.104975 0.541279
v -3.710441 1.262983 0.433475
v -3.899370 1.110914 0.455802
v -3.745908 0.926245 0.496604
v -3.836688 1.225192 0.436175
v -3.861768 0.987085 0.480822
v -3.619661 0.964036 0.493905
v -3.594582 1.202145 0.449254
v -3.718822 1.205492 0.495299
v -3.832976 1.113610 0.508790
v -3.740252 1.002030 0.533442
v -3.795102 1.182658 0.496931
v -3.810256 1.038790 0.523907
v -3.663972 1.024864 0.531812
v -3.648819 1.168733 0.504833
v -3.728378 1.107275 0.540581
v -3.726456 1.142300 0.533032
v -3.764642 1.111564 0.537545
v -3.733625 1.074240 0.545791
v -3.751972 1.134662 0.533578
v -3.757042 1.086536 0.542602
v -3.708108 1.081878 0.545246
v -3.703039 1.130004 0.536221
v -3.748651 0.840089 -0.173118
v -3.749018 1.005627 -0.238919
v -3.923144 1.090616 -0.113231
v -3.727669 1.330484 -0.080823
v -3.553427 1.080583 -0.143976
v -3.863484 1.217973 -0.093446
v -3.874514 0.960314 -0.141992
v -3.613086 0.953223 -0.163765
v -3.602058 1.210886 -0.115211
v -3.906654 1.263450 -0.079757
v -3.986938 1.092050 -0.106348
v -3.921491 0.916689 -0.145019
v -3.569666 0.907123 -0.174184
v -3.746084 0.903403 -0.162922
v -3.730488 1.267795 -0.094285
v -3.554828 1.253885 -0.108921
v -3.489382 1.078523 -0.147592
v -3.748866 0.930428 -0.206992
v -3.747305 1.062629 -0.241276
v -3.908416 1.099127 -0.162215
v -3.734812 1.258785 -0.145142
v -3.575261 1.090086 -0.189920
v -3.854656 1.213890 -0.144387
v -3.864595 0.981711 -0.188132
v -3.629021 0.975321 -0.207751
v -3.619083 1.207503 -0.163999
v -3.843511 1.105538 -0.212400
v -3.740695 1.200095 -0.202289
v -3.646201 1.100184 -0.228808
v -3.811671 1.173506 -0.201842
v -3.817559 1.035999 -0.227750
v -3.678040 1.032215 -0.239369
v -3.672155 1.169724 -0.213457
v -3.743190 1.103862 -0.234838
v -3.788549 1.106238 -0.229701
v -3.743673 1.147510 -0.225288
v -3.702429 1.103901 -0.236863
v -3.774652 1.135905 -0.225093
v -3.777221 1.075886 -0.236401
v -3.716325 1.074234 -0.241472
v -3.713756 1.134254 -0.230162
vn -0.1788 -0.5178 0.8366
vn -0.3129 -0.7479 0.5855
vn -0.2932 -0.7219 0.6268
vn -0.1635 -0.5830 0.7959
vn 0.4046 -0.4858 0.7748
vn 0.4731 -0.4836 0.7364
vn 0.4747 -0.7836 0.4008
vn 0.3865 -0.8214 0.4194
vn 0.6198 0.2358 0.7485
vn 0.6192 0.2498 0.7445
vn 0.3793 -0.0430 0.9243
vn 0.4298 -0.0321 0.9024
vn 0.4854 0.2459 0.8390
vn 0.5728 0.2758 0.7719
vn 0.6032 0.2575 0.7549
vn 0.5080 0.2100 0.8353
vn 0.0170 0.2572 0.9662
vn 0.0603 0.2652 0.9623
vn 0.0506 0.5497 0.8338
vn -0.0042 0.5461 0.8377
vn 0.0958 0.2740 0.9569
vn 0.1335 0.2811 0.9503
vn 0.1532 0.5497 0.8212
vn 0.1124 0.5557 0.8237
vn 0.0775 -0.9034 0.4217
vn 0.1346 -0.8818 0.4521
vn 0.1796 -0.4446 0.8776
vn 0.1382 -0.4862 0.8628
vn 0.0436 0.1523 0.9874
vn 0.0794 0.1730 0.9817
vn 0.1119 0.2382 0.9647
vn 0.0726 0.2214 0.9725
vn 0.0528 0.1547 0.9866
vn 0.0446 0.1521 0.9874
vn 0.0407 0.2005 0.9789
vn 0.0370 0.2035 0.9784
vn -0.2164 -0.4142 -0.8841
vn -0.1932 -0.4323 -0.8808
vn -0.2026 -0.3457 -0.9162
vn -0.2400 -0.3490 -0.9059
vn 0.5222 0.2417 0.8179
vn 0.5434 0.2908 0.7875
vn 0.5860 0.3466 0.7325
vn 0.5515 0.3250 0.7683
vn 0.5078 -0.8234 0.2531
vn 0.4907 -0.7791 0.3901
vn 0.5028 -0.4821 0.7175
vn 0.5884 -0.4601 0.6649
vn 0.6048 0.3384 0.7209
vn 0.6762 0.3421 0.6525
vn 0.7047 0.4041 0.5832
vn 0.6572 0.3789 0.6516
vn -0.1804 -0.2309 0.9561
vn -0.2080 -0.4189 0.8839
vn -0.2134 -0.4034 0.8898
vn -0.0841 -0.1795 0.9802
vn -0.0565 0.5824 0.8110
vn -0.0244 0.2855 0.9581
vn 0.0168 0.2640 0.9644
vn -0.0242 0.5578 0.8296
vn 0.1797 -0.0115 0.9837
vn 0.3674 -0.0356 0.9294
vn 0.3541 0.0647 0.9330
vn 0.1622 0.0769 0.9838
vn 0.4748 -0.3984 0.7847
vn 0.4450 -0.3751 0.8132
vn 0.5356 -0.2764 0.7980
vn 0.5159 -0.3026 0.8015
vn 0.4390 0.1982 0.8764
vn 0.4935 0.2160 0.8425
vn 0.5360 0.2909 0.7925
vn 0.4647 0.2668 0.8443
vn 0.4796 0.8509 0.2143
vn 0.5541 0.7499 0.3614
vn 0.4989 0.4435 0.7446
vn 0.5320 0.4967 0.6857
vn 0.6559 0.6801 0.3276
vn 0.6845 0.3542 0.6372
vn 0.5503 0.3097 0.7754
vn 0.5305 0.3889 0.7532
vn 0.4528 -0.1555 0.8780
vn 0.3463 -0.1459 0.9267
vn 0.2940 -0.2452 0.9238
vn 0.3972 -0.2506 0.8828
vn 0.3516 -0.1885 0.9170
vn 0.4609 -0.2372 0.8552
vn 0.3810 -0.3358 0.8614
vn 0.3052 -0.2931 0.9061
vn 0.2993 -0.4105 0.8613
vn 0.2256 -0.4163 0.8808
vn 0.0290 -0.8201 0.5715
vn 0.0603 -0.7822 0.6201
vn 0.2466 -0.4606 0.8527
vn 0.3215 -0.4801 0.8162
vn 0.2151 -0.8546 0.4727
vn 0.0694 -0.8506 0.5212
vn 0.4209 -0.0257 0.9068
vn 0.4231 -0.0210 0.9058
vn 0.4391 -0.0160 0.8983
vn 0.4354 -0.0040 0.9002
vn 0.4709 0.0786 0.8787
vn 0.3797 0.0114 0.9250
vn 0.5534 0.2662 0.7892
vn 0.5116 0.2662 0.8170
vn 0.2496 0.3947 0.8843
vn 0.2702 0.3397 0.9009
vn 0.2542 0.3252 0.9108
vn 0.2197 0.3346 0.9164
vn 0.3921 0.0300 0.9195
vn 0.3995 0.0226 0.9165
vn 0.4114 0.0364 0.9107
vn 0.4008 0.0299 0.9157
vn 0.6523 -0.0478 0.7565
vn 0.4906 -0.0128 0.8713
vn 0.5167 -0.1020 0.8501
vn 0.6622 -0.3226 0.6763
vn -0.0243 -0.5702 -0.8211
vn 0.0306 0.6928 0.7205
vn 0.0940 0.5628 0.8212
vn -0.0719 -0.4715 -0.8789
vn 0.1673 0.1924 0.9670
vn 0.3422 0.1967 0.9188
vn 0.3488 0.2635 0.8994
vn 0.1949 0.2572 0.9465
vn 0.2116 0.2784 0.9369
vn 0.3467 0.2576 0.9019
vn 0.3141 0.3792 0.8703
vn 0.2077 0.5085 0.8356
vn 0.4293 -0.4136 0.8029
vn 0.1471 -0.9280 0.3424
vn 0.4548 -0.7224 0.5209
vn 0.4851 -0.2612 0.8346
vn 0.4566 0.0944 0.8847
vn 0.5138 0.2272 0.8273
vn 0.5567 0.2991 0.7750
vn 0.5602 0.2701 0.7831
vn 0.4684 0.0400 0.8826
vn 0.4769 0.0056 0.8789
vn 0.6166 0.0710 0.7841
vn 0.5812 0.1784 0.7939
vn 0.4176 0.0605 0.9066
vn 0.4397 0.0727 0.8952
vn 0.5109 0.2372 0.8262
vn 0.4488 0.1723 0.8769
vn 0.4242 0.0220 0.9053
vn 0.4570 -0.0404 0.8885
vn 0.4668 -0.0542 0.8827
vn 0.4460 0.0001 0.8950
vn 0.3707 0.0838 0.9250
vn 0.3809 0.0328 0.9240
vn 0.3949 0.0392 0.9179
vn 0.4019 0.1047 0.9097
vn -0.1835 -0.2928 0.9384
vn -0.2917 -0.3878 0.8744
vn -0.2443 -0.3746 0.8944
vn -0.1587 -0.2303 0.9601
vn -0.0804 0.6198 0.7806
vn -0.0348 0.3126 0.9492
vn -0.0265 0.2987 0.9540
vn -0.0692 0.6058 0.7926
vn -0.3026 -0.3905 0.8695
vn -0.3984 -0.6215 0.6745
vn -0.3955 -0.6827 0.6144
vn -0.2661 -0.4257 0.8649
vn -0.0083 0.2534 0.9673
vn 0.0202 0.2053 0.9785
vn 0.0224 0.1781 0.9838
vn -0.0096 0.2381 0.9712
vn 0.0153 0.0876 0.9960
vn -0.0491 -0.0895 0.9948
vn -0.0245 -0.0365 0.9990
vn 0.0393 0.0687 0.9969
vn 0.4484 -0.1631 0.8788
vn 0.5160 -0.1747 0.8386
vn 0.4912 -0.1153 0.8634
vn 0.4435 -0.1028 0.8904
vn 0.2390 -0.1600 0.9577
vn 0.3566 -0.1573 0.9209
vn 0.3611 -0.1067 0.9264
vn 0.2142 -0.0890 0.9727
vn 0.4392 -0.0398 0.8975
vn 0.4676 -0.0478 0.8827
vn 0.4667 0.0539 0.8827
vn 0.4325 0.0496 0.9003
vn -0.0094 0.2248 0.9744
vn 0.0364 0.1255 0.9914
vn -0.0135 0.1330 0.9910
vn 0.0241 0.2157 0.9762
vn 0.1687 -0.0351 -0.9850
vn -0.3167 0.4957 0.8087
vn -0.2494 0.4503 0.8573
vn 0.2511 -0.0579 -0.9662
vn 0.5405 -0.3580 0.7614
vn 0.4880 -0.3980 0.7769
vn 0.4787 -0.3064 0.8228
vn 0.4907 -0.2811 0.8248
vn 0.4816 -0.1140 0.8689
vn 0.5139 -0.1266 0.8484
vn 0.5960 0.1197 0.7940
vn 0.5280 0.1195 0.8408
vn 0.5667 -0.2041 0.7982
vn 0.5822 -0.2780 0.7640
vn 0.5143 -0.2302 0.8262
vn 0.5170 -0.1628 0.8403
vn 0.4694 -0.0638 0.8807
vn 0.4775 -0.0893 0.8741
vn 0.4868 0.1116 0.8663
vn 0.4828 0.0824 0.8718
vn -0.0220 -0.2902 0.9567
vn 0.0458 -0.2144 0.9757
vn 0.0918 -0.0680 0.9935
vn 0.0535 -0.0958 0.9940
vn 0.0693 0.0638 0.9955
vn 0.0787 0.0540 0.9954
vn 0.0637 0.0823 0.9946
vn 0.0659 0.0805 0.9946
vn 0.1376 -0.1868 0.9727
vn 0.1865 -0.1683 0.9679
vn 0.1495 -0.0636 0.9867
vn 0.1329 -0.0508 0.9898
vn 0.0934 0.0286 0.9952
vn 0.0958 0.0083 0.9954
vn 0.0678 0.0798 0.9945
vn 0.0492 0.0846 0.9952
vn 0.5967 -0.1252 0.7927
vn 0.6226 -0.1175 0.7737
vn 0.6600 0.0695 0.7480
vn 0.6598 0.0989 0.7449
vn 0.6752 0.3215 0.6638
vn 0.6392 0.2718 0.7194
vn 0.5765 0.3661 0.7305
vn 0.6484 0.4043 0.6451
vn 0.4874 0.3183 0.8131
vn 0.5404 0.3241 0.7765
vn 0.5599 0.2333 0.7950
vn 0.4691 0.2241 0.8543
vn 0.4382 0.0766 0.8956
vn 0.5580 0.0643 0.8273
vn 0.5252 -0.1026 0.8447
vn 0.3959 -0.0733 0.9154
vn 0.5261 0.2907 0.7992
vn 0.4670 0.3096 0.8283
vn 0.4555 0.2065 0.8659
vn 0.5283 0.1758 0.8307
vn 0.5136 0.0599 0.8560
vn 0.4286 0.0748 0.9004
vn 0.3895 -0.0537 0.9195
vn 0.4847 -0.0641 0.8723
vn 0.6204 0.0059 -0.7843
vn 0.8186 -0.2177 -0.5315
vn 0.1030 0.0628 0.9927
vn 0.0106 0.1181 0.9929
vn -0.2915 0.0507 0.9552
vn -0.1883 0.1831 0.9649
vn -0.0095 0.0828 0.9965
vn -0.1068 -0.0000 0.9943
vn -0.2135 0.6302 0.7465
vn 0.1964 0.1665 -0.9663
vn -0.0211 0.1304 0.9912
vn 0.0595 0.1284 0.9899
vn 0.2584 -0.7702 -0.5832
vn -0.4932 -0.4603 0.7382
vn -0.1924 -0.1690 0.9667
vn -0.0258 -0.2660 0.9636
vn 0.3565 -0.3445 0.8684
vn 0.0477 -0.5505 0.8335
vn 0.1752 -0.2705 0.9467
vn 0.3975 -0.1662 0.9024
vn 0.5527 -0.1896 0.8115
vn 0.4788 -0.2615 0.8381
vn 0.4778 -0.1347 0.8681
vn 0.5395 -0.0935 0.8368
vn 0.5915 0.2477 0.7673
vn 0.6369 0.1328 0.7594
vn 0.5890 0.0390 0.8072
vn 0.5522 0.1137 0.8259
vn 0.3794 0.8218 0.4251
vn 0.5292 0.4450 0.7224
vn 0.4839 0.2424 0.8409
vn 0.3084 0.5413 0.7822
vn 0.6505 0.0381 0.7586
vn 0.6116 -0.0948 0.7855
vn 0.5850 -0.0480 0.8096
vn 0.6047 0.0030 0.7964
vn 0.3996 0.3118 0.8620
vn 0.4965 0.1121 0.8608
vn 0.5277 0.0718 0.8464
vn 0.4661 0.1918 0.8637
vn 0.4563 -0.0770 0.8865
vn 0.3454 -0.1419 0.9277
vn 0.4312 -0.1060 0.8960
vn 0.5025 -0.0619 0.8624
vn 0.5767 -0.0090 0.8169
vn 0.5307 -0.0267 0.8471
vn 0.4965 -0.0576 0.8661
vn 0.5413 -0.0430 0.8398
vn 0.5470 -0.0104 0.8371
vn 0.5463 -0.0120 0.8375
vn 0.5847 -0.0063 0.8112
vn 0.5770 -0.0257 0.8163
vn 0.5403 -0.0047 0.8415
vn 0.5702 -0.0336 0.8209
vn 0.5596 -0.0007 0.8287
vn 0.5280 0.0316 0.8486
vn -0.0957 0.2901 0.9522
vn -0.0933 0.1714 0.9808
vn 0.5435 -0.3853 -0.7458
vn 0.4951 -0.2180 -0.8410
vn 0.3067 -0.2572 -0.9164
vn 0.2579 -0.1844 -0.9484
vn 0.2764 -0.2253 -0.9343
vn 0.3017 -0.2817 -0.9108
vn -0.4083 -0.0823 0.9091
vn 0.2639 -0.4592 -0.8482
vn 0.3347 -0.4911 -0.8042
vn -0.2593 0.0465 0.9647
vn -0.2634 0.2503 0.9316
vn -0.3041 0.1808 0.9353
vn -0.2718 0.2290 0.9347
vn -0.2602 0.2787 0.9245
vn -0.4160 -0.5272 0.7409
vn -0.2500 -0.3369 0.9078
vn -0.2652 -0.3391 0.9026
vn -0.4651 -0.5574 0.6877
vn -0.2424 -0.2616 0.9343
vn -0.1233 0.0162 0.9922
vn -0.2027 -0.2087 0.9568
vn -0.3613 -0.4954 0.7900
vn -0.2896 -0.3756 0.8803
vn -0.3145 -0.3879 0.8664
vn -0.3091 -0.3284 0.8925
vn -0.2604 -0.3109 0.9141
vn -0.0000 -0.0000 1.0000
vn -0.2321 -0.1387 0.9628
vn -0.2141 -0.0956 0.9721
vn -0.3590 0.0669 0.9309
vn -0.3035 0.0268 0.9525
vn -0.5312 -0.5257 0.6644
vn -0.2984 -0.2452 0.9224
vn -0.2885 -0.0606 0.9556
vn -0.4674 -0.3604 0.8072
vn -0.0284 0.1954 0.9803
vn -0.0682 0.2429 0.9676
vn -0.0691 0.3588 0.9309
vn -0.0099 0.2728 0.9620
vn -0.4703 -0.6152 0.6327
vn -0.2684 -0.3495 0.8977
vn -0.2895 -0.3174 0.9030
vn -0.5039 -0.6041 0.6174
vn -0.2141 -0.2446 0.9457
vn -0.2318 -0.2020 0.9516
vn -0.1812 -0.1339 0.9743
vn -0.2127 -0.1925 0.9580
vn -0.0438 0.2166 0.9753
vn -0.0565 0.2720 0.9606
vn -0.0333 0.2509 0.9674
vn -0.0680 0.2084 0.9757
vn -0.0695 0.3192 0.9451
vn -0.1238 0.6123 0.7809
vn -0.1304 0.6097 0.7818
vn -0.0349 0.3396 0.9399
vn -0.2789 -0.4261 0.8606
vn -0.2102 -0.3606 0.9087
vn -0.2644 -0.3941 0.8802
vn -0.2793 -0.4234 0.8618
vn -0.0885 -0.1296 0.9876
vn -0.0380 0.0853 0.9956
vn -0.0914 0.0639 0.9938
vn -0.1640 -0.1814 0.9696
vn -0.3357 -0.5804 0.7419
vn -0.2455 -0.3753 0.8938
vn -0.2265 -0.3597 0.9052
vn -0.3459 -0.5495 0.7606
vn -0.1556 0.7463 0.6471
vn -0.0605 0.4596 0.8860
vn -0.0476 0.3909 0.9192
vn -0.1298 0.6549 0.7445
vn -0.1314 0.5277 0.8392
vn -0.1322 0.5171 0.8457
vn -0.1945 0.8268 0.5278
vn -0.2173 0.8593 0.4630
vn 0.0524 0.8610 0.5058
vn 0.0297 -0.6877 -0.7254
vn 0.3470 -0.8984 -0.2693
vn 0.7206 -0.2096 0.6609
vn 0.0248 -0.7674 -0.6407
vn -0.0030 -0.8535 -0.5211
vn 0.2645 -0.9522 0.1530
vn 0.3555 -0.9341 0.0339
vn -0.3299 -0.9197 -0.2128
vn -0.1714 0.1251 0.9772
vn -0.0465 -0.3064 0.9508
vn 0.0487 -0.8924 0.4486
vn 0.1624 0.2188 0.9622
vn 0.2770 0.2126 0.9371
vn 0.3578 -0.1491 0.9218
vn 0.2339 -0.1400 0.9621
vn -0.0130 -0.7236 -0.6900
vn -0.0477 -0.6665 -0.7440
vn 0.2874 -0.9151 -0.2827
vn 0.2380 -0.9257 -0.2940
vn 0.3056 0.4787 0.8231
vn 0.1898 0.6650 0.7224
vn 0.6136 -0.1770 0.7695
vn 0.5805 -0.1824 0.7936
vn -0.0401 -0.6421 -0.7655
vn -0.0073 -0.6806 -0.7326
vn 0.4093 -0.9051 -0.1152
vn 0.3755 -0.8964 -0.2356
vn 0.3298 0.2515 0.9099
vn 0.3451 0.3409 0.8745
vn 0.5268 -0.1731 0.8322
vn 0.4517 -0.1606 0.8776
vn -0.1262 -0.3279 -0.9362
vn -0.1103 -0.3389 -0.9343
vn 0.1757 0.3481 0.9208
vn 0.1933 0.2907 0.9371
vn -0.2182 -0.3566 -0.9084
vn -0.1701 -0.3347 -0.9268
vn 0.2363 0.2731 0.9325
vn 0.2707 0.2765 0.9221
vn -0.2724 -0.4731 -0.8378
vn -0.2556 -0.4114 -0.8749
vn 0.2893 0.3105 0.9055
vn 0.2723 0.3178 0.9082
vn 0.1003 0.5749 0.8121
vn 0.1914 0.4851 0.8532
vn 0.1670 0.3725 0.9129
vn 0.1070 0.4130 0.9044
vn 0.2615 0.3257 0.9086
vn 0.2136 0.3332 0.9184
vn 0.2589 0.3481 0.9010
vn 0.2713 0.3393 0.9007
vn -0.2146 -0.4843 -0.8482
vn -0.2157 -0.4300 -0.8767
vn -0.2604 -0.3726 -0.8907
vn -0.2673 -0.3995 -0.8769
vn -0.1469 -0.4817 -0.8640
vn -0.0770 -0.5411 -0.8374
vn -0.0944 -0.3902 -0.9159
vn -0.1509 -0.3681 -0.9175
vn 0.0763 0.2880 0.9546
vn -0.3054 -0.5736 -0.7600
vn -0.2983 -0.4655 -0.8333
vn 0.2026 0.3015 0.9317
vn -0.2140 -0.6817 0.6996
vn -0.1809 -0.6495 0.7385
vn -0.0705 -0.4785 0.8752
vn -0.1430 -0.5344 0.8331
vn 0.0081 -0.5717 0.8204
vn -0.1039 -0.6108 0.7850
vn 0.1336 -0.8188 0.5583
vn 0.0327 -0.9157 0.4006
vn -0.2109 -0.6206 0.7552
vn -0.3073 -0.6732 0.6726
vn -0.2900 -0.5758 0.7644
vn -0.2079 -0.5464 0.8113
vn 0.0574 -0.5757 0.8156
vn -0.1093 -0.4220 0.9000
vn -0.0925 -0.4150 0.9051
vn -0.1261 -0.6455 0.7532
vn -0.2637 -0.8121 0.5206
vn -0.2684 -0.9079 0.3221
vn -0.2707 -0.6790 0.6824
vn -0.2353 -0.5753 0.7834
vn -0.1390 -0.4474 0.8835
vn -0.1900 -0.4714 0.8612
vn -0.1972 -0.3412 0.9191
vn -0.1041 -0.2828 0.9535
vn -0.1874 -0.4639 0.8658
vn -0.3067 -0.5543 0.7737
vn -0.2669 -0.5467 0.7937
vn -0.1969 -0.3713 0.9074
vn -0.0223 -0.0431 -0.9988
vn 0.1268 -0.2537 -0.9589
vn 0.0688 -0.4661 -0.8821
vn -0.0539 -0.6517 -0.7565
vn -0.0452 -0.1213 -0.9916
vn -0.2398 -0.3707 0.8973
vn -0.2711 -0.4802 0.8342
vn -0.2043 -0.4568 0.8658
vn -0.2028 -0.3475 0.9155
vn -0.2763 -0.6727 0.6863
vn -0.2773 -0.9140 0.2962
vn -0.2132 -0.8641 0.4560
vn -0.1781 -0.6304 0.7556
vn -0.1925 -0.5165 -0.8343
vn -0.1546 -0.6011 -0.7840
vn -0.2832 -0.7332 -0.6182
vn -0.3305 -0.7493 -0.5739
vn -0.2420 -0.4924 -0.8361
vn -0.0123 -0.8186 -0.5743
vn 0.0412 -0.7852 -0.6179
vn -0.2025 -0.4866 -0.8498
vn -0.1335 0.3382 -0.9315
vn -0.3943 0.0857 -0.9150
vn -0.3972 0.0253 -0.9174
vn -0.0812 0.2817 -0.9561
vn -0.2151 0.2869 -0.9335
vn -0.1977 0.2214 -0.9549
vn -0.1009 0.2921 -0.9511
vn -0.1406 0.3336 -0.9322
vn -0.0527 0.2760 -0.9597
vn -0.0718 0.5534 -0.8298
vn -0.0741 0.5508 -0.8313
vn -0.0813 0.2776 -0.9573
vn -0.0691 0.2859 -0.9558
vn -0.0322 0.5522 -0.8331
vn -0.0314 0.5437 -0.8387
vn -0.0660 0.2882 -0.9553
vn -0.0559 -0.9055 -0.4207
vn -0.0964 -0.5588 -0.8237
vn -0.1431 -0.5011 -0.8535
vn -0.0520 -0.8785 -0.4748
vn -0.0826 0.1938 -0.9776
vn -0.0849 0.2483 -0.9649
vn -0.0751 0.2570 -0.9635
vn -0.0842 0.1905 -0.9781
vn -0.0869 0.1663 -0.9822
vn -0.0697 0.2301 -0.9707
vn -0.0806 0.2465 -0.9658
vn -0.0946 0.1816 -0.9788
vn 0.4483 -0.3917 0.8035
vn 0.4515 -0.3245 0.8312
vn 0.4874 -0.3166 0.8137
vn 0.4740 -0.3956 0.7866
vn -0.2450 0.3290 -0.9120
vn -0.1761 0.4080 -0.8958
vn -0.1288 0.4444 -0.8865
vn -0.2008 0.3392 -0.9190
vn 0.0915 -0.8590 -0.5037
vn -0.1166 -0.5590 -0.8209
vn -0.1657 -0.4853 -0.8585
vn 0.0609 -0.7809 -0.6217
vn -0.0935 0.3417 -0.9351
vn -0.0073 0.4353 -0.9003
vn 0.0816 0.4058 -0.9103
vn 0.0109 0.3471 -0.9378
vn -0.1468 -0.2541 -0.9560
vn 0.0416 -0.2729 -0.9612
vn 0.0005 -0.3566 -0.9343
vn -0.1718 -0.3585 -0.9176
vn -0.0554 0.5842 -0.8097
vn -0.0725 0.5651 -0.8218
vn -0.0518 0.2777 -0.9593
vn -0.0107 0.2817 -0.9595
vn -0.1398 -0.0548 -0.9887
vn -0.1585 0.0693 -0.9849
vn -0.3503 0.1006 -0.9312
vn -0.3413 -0.0386 -0.9392
vn -0.2336 -0.4007 -0.8859
vn -0.2141 -0.3026 -0.9288
vn -0.1978 -0.2764 -0.9405
vn -0.2584 -0.3817 -0.8874
vn -0.2975 0.2798 -0.9128
vn -0.2445 0.3283 -0.9124
vn -0.1871 0.3643 -0.9123
vn -0.2585 0.3014 -0.9178
vn 0.1295 0.8521 -0.5071
vn -0.2481 0.5032 -0.8278
vn -0.2282 0.4498 -0.8635
vn 0.0995 0.7367 -0.6689
vn 0.2170 0.6696 -0.7103
vn -0.1758 0.3885 -0.9045
vn -0.1658 0.3036 -0.9383
vn 0.0207 0.3404 -0.9400
vn -0.5174 -0.1476 -0.8429
vn -0.5220 -0.2491 -0.8158
vn -0.4634 -0.2830 -0.8397
vn -0.4655 -0.1803 -0.8665
vn -0.3878 -0.2080 -0.8980
vn -0.4128 -0.3157 -0.8544
vn -0.3199 -0.3561 -0.8780
vn -0.2783 -0.2445 -0.9288
vn -0.4999 -0.4263 -0.7539
vn -0.4155 -0.7994 -0.4340
vn -0.3610 -0.8361 -0.4131
vn -0.4501 -0.4596 -0.7656
vn -0.4171 -0.4751 -0.7748
vn -0.3107 -0.8542 -0.4168
vn -0.1655 -0.8547 -0.4920
vn -0.3217 -0.4922 -0.8088
vn -0.4014 0.0803 -0.9124
vn -0.3846 0.0806 -0.9196
vn -0.3556 0.0510 -0.9332
vn -0.3753 0.0506 -0.9255
vn -0.2920 0.0711 -0.9538
vn -0.2196 0.2585 -0.9407
vn -0.1612 0.2609 -0.9518
vn -0.3834 0.0077 -0.9236
vn -0.4339 0.3495 -0.8304
vn -0.4714 0.2990 -0.8297
vn -0.4410 0.2959 -0.8473
vn -0.4160 0.3129 -0.8538
vn -0.3971 0.1002 -0.9123
vn -0.4060 0.1005 -0.9083
vn -0.4018 0.0907 -0.9112
vn -0.4049 0.0820 -0.9107
vn -0.0872 -0.0448 -0.9952
vn -0.0225 -0.3212 -0.9467
vn -0.2489 -0.1005 -0.9633
vn -0.2828 -0.0089 -0.9591
vn 0.5309 -0.5511 0.6437
vn 0.5272 -0.4764 0.7036
vn -0.4768 0.5603 -0.6773
vn -0.4524 0.6863 -0.5694
vn -0.1546 0.2000 -0.9675
vn -0.1335 0.2660 -0.9547
vn -0.2501 0.2921 -0.9231
vn -0.3031 0.2467 -0.9205
vn -0.1397 0.2808 -0.9495
vn -0.1248 0.5042 -0.8545
vn -0.2803 0.3467 -0.8951
vn -0.2393 0.2748 -0.9313
vn -0.2807 -0.4199 -0.8631
vn -0.2622 -0.2617 -0.9289
vn -0.0578 -0.7222 -0.6893
vn -0.1455 -0.9281 -0.3429
vn -0.3206 0.1849 -0.9290
vn -0.1676 0.3740 -0.9122
vn -0.1712 0.3721 -0.9123
vn -0.2410 0.2865 -0.9273
vn -0.3441 0.1035 -0.9332
vn -0.2035 0.2224 -0.9535
vn -0.1453 0.1154 -0.9826
vn -0.3127 0.0614 -0.9479
vn -0.4001 0.0995 -0.9110
vn -0.3562 0.1941 -0.9140
vn -0.2863 0.2698 -0.9194
vn -0.3786 0.1217 -0.9175
vn -0.3482 0.0159 -0.9373
vn -0.3281 0.0020 -0.9446
vn -0.3086 -0.0543 -0.9497
vn -0.3191 -0.0494 -0.9464
vn -0.3676 0.0909 -0.9255
vn -0.3759 0.1185 -0.9191
vn -0.3946 0.0760 -0.9157
vn -0.3800 0.0724 -0.9222
vn -0.2216 -0.2946 -0.9296
vn -0.1800 -0.2430 -0.9532
vn -0.2592 -0.3602 -0.8961
vn -0.3262 -0.3867 -0.8626
vn -0.0902 0.6247 -0.7756
vn -0.0606 0.6103 -0.7899
vn -0.0170 0.3069 -0.9516
vn -0.0457 0.3286 -0.9433
vn -0.3388 -0.3905 -0.8560
vn -0.2992 -0.4242 -0.8547
vn -0.4209 -0.6827 -0.5973
vn -0.4263 -0.6215 -0.6573
vn -0.0323 0.2746 -0.9610
vn 0.0115 0.2529 -0.9674
vn 0.0172 0.2020 -0.9792
vn -0.0209 0.2053 -0.9785
vn -0.0265 0.0876 -0.9958
vn -0.0203 0.0782 -0.9967
vn -0.0769 -0.0595 -0.9953
vn -0.0906 -0.0894 -0.9919
vn -0.2692 -0.1881 -0.9445
vn -0.3095 -0.1457 -0.9397
vn -0.2693 -0.1645 -0.9489
vn -0.2235 -0.2256 -0.9482
vn -0.1923 -0.2031 -0.9601
vn -0.1541 -0.1307 -0.9794
vn -0.2970 -0.1208 -0.9472
vn -0.2585 -0.1693 -0.9510
vn -0.3447 -0.0463 -0.9376
vn -0.3421 0.1224 -0.9317
vn -0.3025 0.1268 -0.9447
vn -0.2951 -0.0520 -0.9541
vn 0.0193 0.2244 -0.9743
vn -0.0449 0.2148 -0.9756
vn 0.0013 0.1825 -0.9832
vn 0.0291 0.2108 -0.9771
vn 0.2333 0.0392 0.9716
vn 0.3107 0.0152 0.9504
vn -0.3050 0.3843 -0.8714
vn -0.3730 0.4295 -0.8225
vn -0.1903 -0.3920 -0.9001
vn -0.2498 -0.2827 -0.9261
vn -0.2565 -0.3071 -0.9165
vn -0.2176 -0.4021 -0.8894
vn -0.2875 -0.1124 -0.9512
vn -0.2338 0.1228 -0.9645
vn -0.1531 0.1235 -0.9805
vn -0.2501 -0.1257 -0.9600
vn -0.1738 -0.2809 -0.9439
vn -0.2445 -0.1848 -0.9519
vn -0.2314 -0.2312 -0.9450
vn -0.1342 -0.3489 -0.9275
vn -0.2874 -0.0639 -0.9557
vn -0.2995 0.1169 -0.9469
vn -0.2784 0.1137 -0.9537
vn -0.2920 -0.0884 -0.9523
vn -0.0611 -0.3419 -0.9377
vn -0.0057 -0.2235 -0.9747
vn -0.0535 -0.1986 -0.9786
vn -0.0395 -0.3397 -0.9397
vn -0.0094 -0.1085 -0.9941
vn -0.0685 0.0546 -0.9962
vn -0.0817 0.0486 -0.9955
vn -0.0525 -0.1214 -0.9912
vn -0.0889 -0.3229 -0.9422
vn -0.0732 -0.1948 -0.9781
vn -0.0787 -0.1703 -0.9822
vn -0.1243 -0.2673 -0.9556
vn -0.0681 -0.0973 -0.9929
vn -0.0683 0.0503 -0.9964
vn -0.0750 0.0641 -0.9951
vn -0.0627 -0.0782 -0.9950
vn -0.1514 -0.1252 -0.9805
vn -0.0551 0.1090 -0.9925
vn -0.0431 0.0871 -0.9953
vn -0.1052 -0.1123 -0.9881
vn 0.0274 0.3267 -0.9447
vn 0.0149 0.4006 -0.9161
vn -0.1090 0.3646 -0.9248
vn -0.0464 0.2796 -0.9590
vn -0.2520 0.3185 -0.9138
vn -0.2870 0.2265 -0.9308
vn -0.1657 0.2393 -0.9567
vn -0.1715 0.3244 -0.9302
vn -0.3276 0.0851 -0.9410
vn -0.3589 -0.0589 -0.9315
vn -0.2186 -0.0853 -0.9721
vn -0.1779 0.0794 -0.9808
vn -0.3786 0.3087 -0.8725
vn -0.4180 0.2043 -0.8852
vn -0.3810 0.2223 -0.8975
vn -0.3334 0.3195 -0.8870
vn -0.4571 0.0865 -0.8852
vn -0.4947 -0.0446 -0.8679
vn -0.4577 -0.0501 -0.8877
vn -0.4285 0.0899 -0.8990
vn 0.7372 0.0970 0.6687
vn 0.1087 0.0945 -0.9896
vn 0.1964 -0.0983 -0.9756
vn 0.8771 -0.1683 0.4499
vn -0.3251 -0.0162 -0.9455
vn -0.1339 -0.0483 -0.9898
vn -0.1037 0.0723 -0.9920
vn -0.2194 0.1080 -0.9696
vn -0.2546 0.6038 -0.7553
vn 0.0123 0.1953 -0.9807
vn 0.0604 0.1623 -0.9849
vn 0.2648 0.3142 0.9117
vn 0.2773 -0.8238 0.4944
vn 0.0521 -0.4127 -0.9094
vn -0.1937 -0.2763 -0.9414
vn -0.5412 -0.5588 -0.6283
vn -0.5473 -0.3400 -0.7647
vn -0.5681 -0.1631 -0.8067
vn -0.7150 -0.2626 -0.6480
vn -0.6574 -0.5534 -0.5115
vn -0.4077 -0.1896 -0.8932
vn -0.4361 -0.0935 -0.8950
vn -0.4980 -0.1365 -0.8563
vn -0.4740 -0.2709 -0.8378
vn -0.3561 0.2711 -0.8943
vn -0.4379 0.1323 -0.8892
vn -0.3948 0.0546 -0.9171
vn -0.3270 0.1654 -0.9304
vn -0.1588 0.8219 -0.5470
vn -0.5200 0.5337 -0.6669
vn -0.4841 0.2547 -0.8371
vn -0.3447 0.4511 -0.8232
vn -0.3213 0.0619 -0.9450
vn -0.3681 0.0102 -0.9297
vn -0.3894 -0.0480 -0.9198
vn -0.3582 -0.0824 -0.9300
vn -0.5408 0.2987 -0.7864
vn -0.4972 0.1918 -0.8462
vn -0.4505 0.0718 -0.8899
vn -0.4875 0.1174 -0.8652
vn -0.5218 -0.0770 -0.8496
vn -0.4772 -0.0619 -0.8766
vn -0.5429 -0.1060 -0.8331
vn -0.6145 -0.1419 -0.7761
vn -0.3999 -0.0090 -0.9165
vn -0.4378 -0.0430 -0.8981
vn -0.4835 -0.0576 -0.8735
vn -0.4495 -0.0267 -0.8929
vn -0.4325 -0.0104 -0.9016
vn -0.3992 -0.0257 -0.9165
vn -0.3909 -0.0063 -0.9204
vn -0.4332 -0.0120 -0.9012
vn -0.4397 -0.0047 -0.8981
vn -0.4549 0.0385 -0.8897
vn -0.4188 -0.0007 -0.9081
vn -0.4066 -0.0336 -0.9130
vn -0.1563 0.2178 -0.9634
vn 0.5476 -0.1532 0.8226
vn 0.5911 -0.3271 0.7372
vn -0.1549 0.0973 -0.9831
vn 0.3706 -0.1808 0.9110
vn 0.3593 -0.2120 0.9088
vn 0.3351 -0.1541 0.9295
vn 0.3197 -0.1148 0.9405
vn -0.4521 -0.1170 -0.8842
vn -0.3187 -0.0265 -0.9475
vn 0.3871 -0.4287 0.8163
vn 0.3004 -0.4303 0.8512
vn -0.3257 0.1839 -0.9274
vn -0.3187 0.2081 -0.9247
vn -0.3306 0.1578 -0.9305
vn -0.3641 0.1081 -0.9251
vn -0.4467 -0.5272 -0.7229
vn -0.4935 -0.5574 -0.6676
vn -0.3028 -0.3391 -0.8907
vn -0.2878 -0.3369 -0.8965
vn -0.2813 -0.2616 -0.9233
vn -0.3941 -0.4953 -0.7742
vn -0.2426 -0.2087 -0.9474
vn -0.1648 0.0162 -0.9862
vn -0.3263 -0.3756 -0.8674
vn -0.2985 -0.3109 -0.9024
vn -0.3463 -0.3284 -0.8788
vn -0.3506 -0.3879 -0.8524
vn -0.2722 -0.1387 -0.9522
vn -0.3431 0.0268 -0.9389
vn -0.3977 0.0670 -0.9151
vn -0.2547 -0.0956 -0.9623
vn -0.5586 -0.5257 -0.6415
vn -0.5008 -0.3604 -0.7869
vn -0.3284 -0.0606 -0.9426
vn -0.3368 -0.2452 -0.9091
vn -0.0695 0.1954 -0.9783
vn -0.0502 0.2728 -0.9608
vn -0.1080 0.3588 -0.9271
vn -0.1087 0.2429 -0.9639
vn -0.4964 -0.6152 -0.6124
vn -0.5293 -0.6041 -0.5957
vn -0.3272 -0.3174 -0.8901
vn -0.3058 -0.3495 -0.8856
vn -0.2536 -0.2446 -0.9359
vn -0.2527 -0.1925 -0.9482
vn -0.2219 -0.1339 -0.9658
vn -0.2715 -0.2020 -0.9410
vn -0.0847 0.2166 -0.9726
vn -0.1089 0.2084 -0.9720
vn -0.0739 0.2509 -0.9652
vn -0.0871 0.2772 -0.9568
vn -0.0793 0.3294 -0.9408
vn -0.0720 0.3418 -0.9370
vn -0.1571 0.6140 -0.7735
vn -0.1236 0.6176 -0.7767
vn -0.3147 -0.4261 -0.8482
vn -0.3152 -0.4234 -0.8493
vn -0.3011 -0.3941 -0.8683
vn -0.2482 -0.3607 -0.8990
vn -0.1300 -0.1294 -0.9830
vn -0.2045 -0.1814 -0.9619
vn -0.1330 0.0639 -0.9891
vn -0.0797 0.0853 -0.9932
vn -0.3665 -0.5804 -0.7272
vn -0.3775 -0.5495 -0.7454
vn -0.2642 -0.3597 -0.8949
vn -0.2828 -0.3753 -0.8827
vn -0.1826 0.7463 -0.6400
vn -0.1609 0.6549 -0.7384
vn -0.0861 0.3909 -0.9164
vn -0.0976 0.4596 -0.8827
vn -0.1665 0.5277 -0.8330
vn -0.2365 0.8593 -0.4535
vn -0.2164 0.8268 -0.5191
vn -0.1676 0.5171 -0.8394
vn -0.2907 0.8458 -0.4473
vn 0.0667 -0.4883 -0.8701
vn 0.4602 -0.8867 -0.0441
vn 0.5437 -0.5997 0.5871
vn 0.4066 -0.7666 0.4970
vn 0.2760 -0.9338 -0.2278
vn 0.1496 -0.9495 -0.2759
vn 0.2776 -0.8502 0.4473
vn -0.1820 -0.9062 0.3817
vn -0.1566 -0.8918 -0.4245
vn -0.4429 -0.3567 -0.8225
vn -0.6402 0.1029 -0.7613
vn -0.3795 0.2064 -0.9019
vn -0.2489 -0.1855 -0.9506
vn -0.2533 -0.1634 -0.9535
vn -0.3572 0.2030 -0.9117
vn 0.4868 -0.6830 0.5445
vn 0.3866 -0.9205 0.0569
vn 0.4109 -0.9115 0.0188
vn 0.4910 -0.6440 0.5867
vn -0.3556 0.4180 -0.8360
vn -0.1346 -0.2664 -0.9544
vn -0.0779 -0.3547 -0.9317
vn -0.3567 0.6096 -0.7079
vn 0.5096 -0.6146 0.6022
vn 0.4459 -0.8929 -0.0622
vn 0.3973 -0.9043 -0.1559
vn 0.4935 -0.6589 0.5677
vn -0.3649 0.2211 -0.9044
vn -0.2478 -0.1838 -0.9512
vn -0.1936 -0.2182 -0.9565
vn -0.3587 0.2860 -0.8886
vn 0.5485 -0.3154 0.7744
vn -0.4997 0.2803 -0.8196
vn -0.4948 0.3377 -0.8007
vn 0.5480 -0.3285 0.7693
vn 0.4678 -0.3273 0.8210
vn -0.4342 0.2411 -0.8680
vn -0.4680 0.2391 -0.8507
vn 0.5155 -0.3035 0.8013
vn 0.3421 -0.4488 0.8256
vn -0.3905 0.2797 -0.8771
vn -0.3953 0.2810 -0.8745
vn 0.4019 -0.3945 0.8264
vn -0.4701 0.5480 -0.6918
vn -0.5280 0.3950 -0.7518
vn -0.4952 0.3468 -0.7965
vn -0.4469 0.4387 -0.7796
vn -0.3884 0.3170 -0.8653
vn -0.3980 0.3271 -0.8571
vn -0.3717 0.3436 -0.8624
vn -0.3727 0.3299 -0.8674
vn 0.3268 -0.4823 0.8128
vn 0.3473 -0.4016 0.8474
vn 0.3979 -0.3671 0.8408
vn 0.3961 -0.4346 0.8088
vn 0.4920 -0.4448 0.7484
vn 0.5165 -0.3425 0.7848
vn 0.5497 -0.3663 0.7508
vn 0.5195 -0.5011 0.6922
vn -0.4739 0.2727 -0.8373
vn -0.4169 0.2833 -0.8637
vn 0.2688 -0.4615 0.8455
vn 0.1623 -0.5572 0.8144
vn -0.1710 -0.7145 -0.6784
vn -0.1373 -0.5820 -0.8016
vn -0.1059 -0.6098 -0.7854
vn -0.1576 -0.7457 -0.6474
vn -0.1359 -0.6663 -0.7332
vn -0.0772 -0.9248 -0.3727
vn -0.0349 -0.8710 -0.4900
vn -0.1492 -0.7896 -0.5952
vn -0.1864 -0.6617 -0.7263
vn -0.2063 -0.5466 -0.8116
vn -0.0613 -0.5459 -0.8356
vn -0.0871 -0.6643 -0.7423
vn 0.0867 -0.7472 -0.6589
vn 0.0953 -0.7838 -0.6137
vn 0.1233 -0.5460 -0.8287
vn 0.0568 -0.6425 -0.7642
vn -0.2516 -0.7919 -0.5565
vn -0.1427 -0.5156 -0.8449
vn -0.0133 -0.4466 -0.8947
vn -0.1837 -0.8683 -0.4607
vn -0.0494 -0.5000 -0.8646
vn 0.0217 -0.3177 -0.9479
vn 0.0629 -0.1984 -0.9781
vn -0.0524 -0.4398 -0.8966
vn -0.1852 -0.4790 -0.8580
vn -0.2017 -0.3784 -0.9034
vn -0.2744 -0.5771 -0.7692
vn -0.2995 -0.5727 -0.7631
vn 0.0936 -0.1307 -0.9870
vn -0.0135 -0.1689 -0.9855
vn -0.0970 -0.4294 -0.8979
vn 0.0260 -0.3892 -0.9208
vn 0.0027 -0.5363 -0.8440
vn -0.0510 -0.6628 -0.7471
vn -0.1260 -0.9195 -0.3723
vn -0.1389 -0.9045 -0.4032
vn 0.4279 0.6646 0.6125
vn 0.6637 0.6938 0.2796
vn 0.5745 0.7315 -0.3673
vn 0.5055 0.7085 -0.4924
vn 0.5893 0.7315 0.3429
vn 0.5258 0.7085 0.4708
vn 0.4018 0.6646 -0.6299
vn 0.6514 0.6938 -0.3072
vn -0.2895 -0.6056 0.7412
vn -0.5093 -0.6256 0.5909
vn -0.5614 -0.6690 0.4871
vn -0.4433 -0.8597 -0.2538
vn -0.6652 -0.5314 -0.5245
vn -0.4354 -0.5304 -0.7274
vn -0.5826 -0.6484 -0.4900
vn -0.6426 -0.5314 0.5519
vn -0.5616 -0.6484 0.5140
vn -0.5337 -0.6256 -0.5690
vn -0.7230 -0.6907 0.0152
vn -0.3203 -0.6056 -0.7285
vn -0.4045 -0.5304 0.7450
vn -0.4323 -0.8597 0.2722
vn -0.7661 -0.6425 0.0161
vn -0.7101 -0.7039 0.0149
vn -0.4620 -0.8868 0.0097
vn -0.5643 -0.8255 0.0118
vn -0.7166 -0.6973 0.0150
vn -0.6938 -0.7200 0.0146
vn -0.6334 -0.7737 0.0133
vn -0.5813 -0.6690 -0.4632
vn -0.0181 0.1928 0.9811
vn -0.0231 0.1771 0.9839
vn -0.0850 0.1273 0.9882
vn -0.0567 0.0824 0.9950
vn -0.0341 0.2081 0.9775
vn -0.0209 0.2170 0.9760
vn -0.0588 0.2163 0.9745
vn -0.1033 0.2085 0.9726
vn -0.0575 0.1927 -0.9796
vn -0.0653 0.1776 -0.9819
vn -0.1268 0.1342 -0.9828
vn -0.0992 0.0764 -0.9921
vn -0.0753 0.2066 -0.9755
vn -0.0626 0.2179 -0.9740
vn -0.0956 0.2163 -0.9716
vn -0.1463 0.2070 -0.9673
vn -0.2385 0.8331 0.4991
vn 0.7043 0.3397 0.6234
vn -0.7473 -0.0941 0.6578
vn -0.3832 -0.5348 0.7531
vn -0.3947 -0.6536 -0.6458
vn 0.3123 0.8559 -0.4122
vn 0.7216 -0.2371 -0.6504
vn -0.8008 0.4384 -0.4080
vn -1.0000 -0.0000 -0.0000
vn -0.7071 0.7071 -0.0000
vn 0.1939 -0.5914 0.7828
vn -0.6871 0.4717 0.5527
vn 0.6452 -0.2288 0.7290
vn 0.3374 0.7792 0.5282
vn -0.0587 0.2001 0.9780
vn -0.0613 0.1797 0.9818
vn -0.0267 0.1602 0.9867
vn -0.0484 0.1632 0.9854
vn -0.0428 0.2131 0.9761
vn -0.0217 0.2119 0.9771
vn -0.0074 0.1958 0.9806
vn -0.0092 0.1741 0.9847
vn 0.4199 0.8682 0.2645
vn 0.7897 -0.3461 0.5065
vn -0.8159 0.4980 0.2937
vn 0.2466 -0.7829 0.5712
vn -0.5728 0.4336 0.6956
vn 0.1510 -0.4413 0.8846
vn -0.2047 0.7305 0.6515
vn 0.5713 0.3257 0.7533
vn -0.4487 -0.7155 0.5355
vn -0.8882 -0.1848 0.4206
vn 0.8612 0.3382 0.3793
vn -0.2746 0.9339 0.2291
vn -0.1376 0.5200 0.8430
vn 0.3228 0.2807 0.9039
vn -0.3852 0.0690 0.9203
vn -0.2085 -0.1462 0.9670
vn 0.5231 -0.1426 0.8403
vn 0.2687 0.6869 0.6752
vn -0.3240 -0.3939 0.8601
vn -0.6227 -0.0311 0.7818
vn -0.0178 0.1669 0.9858
vn -0.0146 0.2041 0.9788
vn -0.0506 0.2063 0.9772
vn -0.0549 0.1717 0.9836
vn 0.0733 -0.1746 0.9819
vn -0.3554 0.3442 0.8690
vn 0.2944 0.0027 0.9557
vn 0.1430 0.4946 0.8573
vn -0.8780 0.4404 -0.1875
vn 0.2984 -0.8051 -0.5126
vn -0.3483 0.9276 -0.1347
vn 0.8594 0.3930 -0.3271
vn -0.8284 -0.1932 -0.5258
vn 0.7481 0.3965 -0.5321
vn -0.3290 0.8726 -0.3609
vn 0.2477 -0.6724 -0.6975
vn -0.1005 0.1984 -0.9750
vn -0.1018 0.1779 -0.9788
vn -0.0663 0.1608 -0.9848
vn -0.0880 0.1623 -0.9828
vn -0.0855 0.2124 -0.9734
vn -0.0644 0.2127 -0.9750
vn -0.0492 0.1976 -0.9790
vn -0.0496 0.1759 -0.9832
vn 0.1391 -0.3868 -0.9116
vn -0.2615 0.6867 -0.6783
vn 0.4875 0.3578 -0.7964
vn -0.6077 -0.0519 -0.7925
vn 0.8295 -0.3171 -0.4598
vn 0.3712 0.9084 -0.1925
vn -0.4217 -0.7846 -0.4545
vn -0.9086 -0.2685 -0.3199
vn -0.3000 0.0975 -0.9490
vn -0.1760 -0.0354 -0.9838
vn 0.0276 0.3992 -0.9164
vn 0.1468 0.0844 -0.9856
vn -0.5879 0.3858 -0.7110
vn 0.4699 -0.0836 -0.8788
vn 0.1834 0.6763 -0.7134
vn -0.3077 -0.3724 -0.8756
vn -0.0577 0.1680 -0.9841
vn -0.0950 0.1704 -0.9808
vn -0.0928 0.2051 -0.9743
vn -0.0570 0.2055 -0.9770
vn 0.1539 0.2674 -0.9512
vn -0.1567 0.4032 -0.9016
vn 0.0092 -0.0416 -0.9991
vn -0.2916 0.2787 -0.9150
vt 0.299183 0.435795
vt 0.287899 0.416352
vt 0.310257 0.402477
vt 0.322675 0.407757
vt 0.284560 0.402258
vt 0.306654 0.392991
vt 0.324582 0.384250
vt 0.326919 0.390127
vt 0.338007 0.391410
vt 0.688534 0.470819
vt 0.683192 0.469480
vt 0.683002 0.459353
vt 0.687989 0.461300
vt 0.675902 0.466112
vt 0.675990 0.455348
vt 0.676322 0.451530
vt 0.683230 0.455187
vt 0.687989 0.456920
vt 0.651373 0.625651
vt 0.669544 0.606032
vt 0.670000 0.617703
vt 0.651287 0.639750
vt 0.681943 0.589247
vt 0.682452 0.599394
vt 0.683192 0.606976
vt 0.670680 0.626076
vt 0.651254 0.649359
vt 0.561333 0.678974
vt 0.583033 0.669022
vt 0.582529 0.700384
vt 0.563711 0.715378
vt 0.602163 0.657464
vt 0.600263 0.681008
vt 0.596555 0.699700
vt 0.581733 0.727868
vt 0.577473 0.741797
vt 0.395377 0.690665
vt 0.427905 0.694465
vt 0.430305 0.728343
vt 0.399070 0.725109
vt 0.453100 0.694192
vt 0.454926 0.726160
vt 0.455722 0.741458
vt 0.430703 0.743664
vt 0.400022 0.740213
vt 0.472864 0.693308
vt 0.475040 0.724498
vt 0.496356 0.689579
vt 0.498900 0.720718
vt 0.500960 0.735781
vt 0.476620 0.739370
vt 0.453493 0.346167
vt 0.465291 0.347600
vt 0.465343 0.363265
vt 0.453018 0.360028
vt 0.474848 0.343283
vt 0.476397 0.359579
vt 0.481552 0.379894
vt 0.469393 0.388580
vt 0.436747 0.370517
vt 0.477363 0.586196
vt 0.497406 0.590675
vt 0.478606 0.648657
vt 0.454718 0.646700
vt 0.515318 0.592242
vt 0.501981 0.646751
vt 0.431093 0.581396
vt 0.459572 0.582866
vt 0.426687 0.642837
vt 0.393173 0.638255
vt 0.641625 0.416904
vt 0.615751 0.400636
vt 0.608670 0.339216
vt 0.641228 0.352815
vt 0.573623 0.369812
vt 0.548873 0.322973
vt 0.561989 0.287132
vt 0.602176 0.291189
vt 0.636811 0.301459
vt 0.599396 0.589567
vt 0.624248 0.584241
vt 0.625858 0.616384
vt 0.601383 0.625968
vt 0.648140 0.575832
vt 0.649906 0.603200
vt 0.626687 0.643133
vt 0.650507 0.435870
vt 0.666025 0.445525
vt 0.665876 0.449145
vt 0.655400 0.442433
vt 0.665085 0.460195
vt 0.648772 0.449134
vt 0.665639 0.564890
vt 0.667651 0.587508
vt 0.677753 0.554771
vt 0.679977 0.573694
vt 0.296256 0.490088
vt 0.299919 0.465962
vt 0.378082 0.440245
vt 0.390263 0.452570
vt 0.348219 0.414977
vt 0.388648 0.398417
vt 0.405361 0.435353
vt 0.447198 0.464672
vt 0.333741 0.734421
vt 0.330206 0.719644
vt 0.363759 0.722670
vt 0.366405 0.737357
vt 0.323066 0.687091
vt 0.357753 0.689802
vt 0.506116 0.467862
vt 0.526307 0.478699
vt 0.544851 0.533033
vt 0.520881 0.524755
vt 0.551303 0.486200
vt 0.559054 0.537993
vt 0.560328 0.591707
vt 0.535454 0.591160
vt 0.683585 0.487472
vt 0.675838 0.486662
vt 0.689560 0.486951
vt 0.690926 0.506515
vt 0.684164 0.509070
vt 0.675930 0.511452
vt 0.579211 0.591891
vt 0.581373 0.632245
vt 0.560809 0.636769
vt 0.737838 0.562730
vt 0.723619 0.571427
vt 0.727148 0.563822
vt 0.741505 0.554775
vt 0.703534 0.586442
vt 0.713525 0.572734
vt 0.717741 0.561136
vt 0.733246 0.551434
vt 0.748966 0.541634
vt 0.701674 0.587335
vt 0.705087 0.577994
vt 0.697594 0.590251
vt 0.698659 0.582777
vt 0.698638 0.573379
vt 0.706819 0.567901
vt 0.750267 0.488445
vt 0.731377 0.493679
vt 0.726111 0.479231
vt 0.743784 0.475724
vt 0.711347 0.499206
vt 0.707591 0.482653
vt 0.703668 0.468971
vt 0.719178 0.466645
vt 0.734149 0.463841
vt 0.698558 0.503401
vt 0.696148 0.485259
vt 0.694135 0.470451
vt 0.712212 0.457988
vt 0.723396 0.454720
vt 0.700527 0.460461
vt 0.699000 0.455863
vt 0.708620 0.452687
vt 0.717616 0.449121
vt 0.692935 0.461590
vt 0.692495 0.457218
vt 0.688420 0.639433
vt 0.669643 0.662738
vt 0.700643 0.617250
vt 0.717105 0.624463
vt 0.706014 0.650136
vt 0.686806 0.675418
vt 0.691985 0.595727
vt 0.691487 0.588699
vt 0.690945 0.579250
vt 0.611985 0.403925
vt 0.584547 0.388336
vt 0.619171 0.357340
vt 0.648124 0.380610
vt 0.555298 0.374642
vt 0.585601 0.338650
vt 0.616873 0.302495
vt 0.653211 0.326562
vt 0.683825 0.357956
vt 0.623848 0.673155
vt 0.645187 0.682427
vt 0.621123 0.703235
vt 0.661185 0.694113
vt 0.638166 0.707022
vt 0.735430 0.626313
vt 0.729942 0.626537
vt 0.729173 0.605000
vt 0.732956 0.603504
vt 0.720034 0.605706
vt 0.718321 0.596348
vt 0.722059 0.593326
vt 0.724061 0.591408
vt 0.492436 0.332677
vt 0.485545 0.329844
vt 0.497748 0.305654
vt 0.496560 0.306427
vt 0.662134 0.434409
vt 0.656255 0.430133
vt 0.686321 0.419168
vt 0.691617 0.424209
vt 0.709309 0.408266
vt 0.716682 0.410389
vt 0.520729 0.287234
vt 0.519543 0.291639
vt 0.531463 0.641769
vt 0.529354 0.686053
vt 0.531925 0.719984
vt 0.534373 0.737106
vt 0.712430 0.589271
vt 0.709998 0.593384
vt 0.713575 0.586967
vt 0.625376 0.660882
vt 0.720962 0.655853
vt 0.699697 0.685796
vt 0.727637 0.657560
vt 0.704965 0.690440
vt 0.666481 0.708960
vt 0.631560 0.723406
vt 0.666659 0.717100
vt 0.626591 0.734351
vt 0.706974 0.601921
vt 0.604587 0.727969
vt 0.598075 0.741082
vt 0.254872 0.523613
vt 0.251284 0.498711
vt 0.271688 0.485120
vt 0.275041 0.513303
vt 0.247239 0.475005
vt 0.268257 0.458573
vt 0.279909 0.726964
vt 0.278502 0.713264
vt 0.301600 0.716357
vt 0.304157 0.730141
vt 0.274090 0.683233
vt 0.295651 0.686763
vt 0.243197 0.451797
vt 0.264900 0.433644
vt 0.240095 0.438362
vt 0.262058 0.418486
vt 0.267443 0.641150
vt 0.288811 0.642141
vt 0.262588 0.593000
vt 0.283214 0.590136
vt 0.311855 0.578778
vt 0.316447 0.639524
vt 0.258516 0.553880
vt 0.278208 0.547488
vt 0.299334 0.536066
vt 0.541142 0.412298
vt 0.568145 0.422049
vt 0.569960 0.458548
vt 0.543639 0.450316
vt 0.594629 0.431940
vt 0.595281 0.466082
vt 0.596292 0.509328
vt 0.572866 0.504862
vt 0.509889 0.398401
vt 0.509705 0.436535
vt 0.491441 0.427868
vt 0.574274 0.548732
vt 0.597654 0.550954
vt 0.352936 0.638333
vt 0.356885 0.588863
vt 0.346444 0.463494
vt 0.346313 0.452138
vt 0.375998 0.470422
vt 0.372849 0.483615
vt 0.361656 0.565813
vt 0.359514 0.553991
vt 0.380028 0.566784
vt 0.396947 0.577520
vt 0.434327 0.567783
vt 0.450666 0.577466
vt 0.405316 0.507411
vt 0.397628 0.514460
vt 0.664385 0.484233
vt 0.647035 0.479696
vt 0.664206 0.513669
vt 0.646707 0.514475
vt 0.664570 0.540660
vt 0.647107 0.546625
vt 0.676459 0.534287
vt 0.622526 0.441996
vt 0.622405 0.473478
vt 0.622483 0.512752
vt 0.623103 0.549992
vt 0.422159 0.385888
vt 0.438810 0.424866
vt 0.455075 0.418811
vt 0.470651 0.469474
vt 0.457633 0.465345
vt 0.468702 0.511177
vt 0.458224 0.502626
vt 0.483438 0.514056
vt 0.476444 0.422772
vt 0.488913 0.463653
vt 0.504875 0.517157
vt 0.685167 0.529615
vt 0.692626 0.525907
vt 0.694722 0.544011
vt 0.686833 0.548366
vt 0.689110 0.565368
vt 0.697060 0.560212
vt 0.705888 0.554794
vt 0.718224 0.547473
vt 0.703486 0.539136
vt 0.716511 0.532116
vt 0.700988 0.521761
vt 0.714237 0.515930
vt 0.735783 0.537048
vt 0.752859 0.526873
vt 0.735471 0.522376
vt 0.753648 0.512788
vt 0.734228 0.508007
vt 0.753096 0.500460
vt 0.343665 0.486914
vt 0.337373 0.488509
vt 0.337988 0.464876
vt 0.335155 0.515296
vt 0.326051 0.513438
vt 0.451205 0.506102
vt 0.433013 0.485675
vt 0.405772 0.557867
vt 0.345193 0.494860
vt 0.342464 0.514026
vt 0.322397 0.511742
vt 0.328280 0.495856
vt 0.311709 0.532457
vt 0.321755 0.524292
vt 0.330845 0.552098
vt 0.318267 0.493614
vt 0.318255 0.541603
vt 0.334092 0.448762
vt 0.357451 0.566191
vt 0.323762 0.527187
vt 0.303249 0.532169
vt 0.349143 0.457241
vt 0.333160 0.470712
vt 0.397243 0.462895
vt 0.732316 0.447235
vt 0.745270 0.456963
vt 0.725247 0.442153
vt 0.746541 0.404453
vt 0.755673 0.410927
vt 0.771997 0.425164
vt 0.756227 0.469282
vt 0.763246 0.482049
vt 0.783233 0.442148
vt 0.788969 0.459283
vt 0.767154 0.520809
vt 0.763556 0.536320
vt 0.767379 0.505879
vt 0.794422 0.494887
vt 0.798872 0.517426
vt 0.798557 0.538938
vt 0.755512 0.549678
vt 0.750643 0.557331
vt 0.788793 0.554584
vt 0.781656 0.561602
vt 0.766396 0.493667
vt 0.791751 0.475767
vt 0.848731 0.574154
vt 0.835519 0.580794
vt 0.863464 0.551786
vt 0.898445 0.566689
vt 0.879465 0.592028
vt 0.862459 0.589913
vt 0.801660 0.337399
vt 0.824658 0.359553
vt 0.787824 0.333661
vt 0.811237 0.308930
vt 0.828829 0.299432
vt 0.855929 0.320366
vt 0.867563 0.385826
vt 0.838292 0.413242
vt 0.835904 0.386624
vt 0.867196 0.353504
vt 0.839852 0.440066
vt 0.845735 0.473794
vt 0.868325 0.418898
vt 0.876236 0.461007
vt 0.857907 0.516000
vt 0.892509 0.515898
vt 0.399886 0.514432
vt 0.413356 0.509246
vt 0.366571 0.471699
vt 0.368922 0.462318
vt 0.413251 0.549307
vt 0.400222 0.571444
vt 0.397660 0.563386
vt 0.405416 0.544118
vt 0.373170 0.514846
vt 0.368249 0.542647
vt 0.356940 0.457826
vt 0.362339 0.476664
vt 0.362109 0.554288
vt 0.360147 0.519259
vt 0.195876 0.478756
vt 0.201481 0.488595
vt 0.178460 0.516163
vt 0.173158 0.506306
vt 0.210111 0.505026
vt 0.185579 0.529452
vt 0.159418 0.547112
vt 0.155670 0.542245
vt 0.151935 0.535779
vt 0.218395 0.538845
vt 0.219426 0.553598
vt 0.184829 0.551162
vt 0.190102 0.544190
vt 0.222064 0.573022
vt 0.178917 0.557795
vt 0.127837 0.609261
vt 0.139766 0.575383
vt 0.144266 0.569479
vt 0.216333 0.521414
vt 0.190324 0.537925
vt 0.159857 0.552239
vt 0.434216 0.433625
vt 0.118413 0.594318
vt 0.120755 0.604689
vt 0.096011 0.630832
vt 0.093113 0.622417
vt 0.120173 0.615857
vt 0.095577 0.638740
vt 0.082344 0.643142
vt 0.081008 0.643098
vt 0.079645 0.636318
vt 0.111654 0.582370
vt 0.114961 0.586960
vt 0.090008 0.616115
vt 0.088883 0.611664
vt 0.079075 0.629700
vt 0.082451 0.623380
vt 0.133354 0.635486
vt 0.117500 0.645529
vt 0.120274 0.621572
vt 0.131223 0.663932
vt 0.114019 0.659093
vt 0.091120 0.655911
vt 0.099811 0.648588
vt 0.112086 0.639765
vt 0.134530 0.562136
vt 0.132213 0.557747
vt 0.135925 0.567217
vt 0.135223 0.573953
vt 0.133082 0.584524
vt 0.247371 0.632769
vt 0.242676 0.588034
vt 0.253155 0.677564
vt 0.230228 0.681010
vt 0.225264 0.622234
vt 0.258587 0.708463
vt 0.259964 0.722675
vt 0.237085 0.717847
vt 0.233749 0.702764
vt 0.234752 0.508775
vt 0.229309 0.488718
vt 0.238571 0.529468
vt 0.240709 0.554441
vt 0.222599 0.468790
vt 0.218155 0.457280
vt 0.140208 0.681530
vt 0.134709 0.672708
vt 0.176486 0.686906
vt 0.179734 0.694540
vt 0.175020 0.674364
vt 0.115012 0.668279
vt 0.088836 0.662832
vt 0.116020 0.673457
vt 0.088652 0.667670
vt 0.651172 0.439431
vt 0.644425 0.436779
vt 0.499172 0.347788
vt 0.492229 0.343857
vt 0.493059 0.348235
vt 0.488646 0.342946
vt 0.666080 0.438591
vt 0.673193 0.458142
vt 0.644349 0.447179
vt 0.694199 0.438181
vt 0.701022 0.455277
vt 0.709086 0.469150
vt 0.675371 0.468705
vt 0.645186 0.458894
vt 0.703753 0.438555
vt 0.712195 0.448498
vt 0.495368 0.327906
vt 0.502535 0.352341
vt 0.492474 0.367458
vt 0.484397 0.350908
vt 0.720062 0.452131
vt 0.525216 0.363654
vt 0.513985 0.381767
vt 0.542048 0.393130
vt 0.517924 0.341397
vt 0.536360 0.360597
vt 0.592126 0.403471
vt 0.594090 0.413114
vt 0.537518 0.366118
vt 0.637785 0.419163
vt 0.623578 0.427794
vt 0.596420 0.415806
vt 0.620789 0.427036
vt 0.621601 0.437169
vt 0.569492 0.404112
vt 0.532139 0.286928
vt 0.536174 0.273485
vt 0.564423 0.270487
vt 0.717334 0.384086
vt 0.704802 0.388722
vt 0.696986 0.349567
vt 0.598293 0.273158
vt 0.633871 0.284019
vt 0.665748 0.314911
vt 0.638097 0.287209
vt 0.689914 0.344032
vt 0.669743 0.321529
vt 0.668227 0.306740
vt 0.693358 0.339948
vt 0.588501 0.261514
vt 0.575201 0.288266
vt 0.545385 0.278627
vt 0.546424 0.287083
vt 0.671750 0.403231
vt 0.549203 0.328177
vt 0.517531 0.317027
vt 0.670652 0.372693
vt 0.691997 0.390330
vt 0.507286 0.310621
vt 0.504728 0.308502
vt 0.701395 0.392315
vt 0.385694 0.376849
vt 0.411750 0.367321
vt 0.416175 0.374224
vt 0.385436 0.385834
vt 0.427921 0.361166
vt 0.435933 0.367720
vt 0.442949 0.356625
vt 0.434973 0.353667
vt 0.436658 0.346065
vt 0.444157 0.346593
vt 0.358742 0.386671
vt 0.350208 0.397635
vt 0.428731 0.351266
vt 0.431587 0.345485
vt 0.422300 0.356887
vt 0.418063 0.354227
vt 0.420973 0.350783
vt 0.423168 0.346531
vt 0.342317 0.374842
vt 0.360258 0.368039
vt 0.363634 0.369911
vt 0.347401 0.376469
vt 0.384031 0.357370
vt 0.385506 0.360087
vt 0.386475 0.363418
vt 0.365590 0.372625
vt 0.352305 0.377404
vt 0.408528 0.361564
vt 0.386619 0.369152
vt 0.406721 0.356600
vt 0.337259 0.382206
vt 0.347209 0.382503
vt 0.331281 0.379619
vt 0.483003 0.429520
vt 0.483003 0.492942
vt 0.481669 0.494988
vt 0.481929 0.438054
vt 0.483003 0.556363
vt 0.481929 0.549766
vt 0.418792 0.350693
vt 0.408255 0.352585
vt 0.383471 0.357187
vt 0.424503 0.349490
vt 0.388569 0.358058
vt 0.366316 0.367377
vt 0.349791 0.372102
vt 0.336739 0.376371
vt 0.363980 0.378412
vt 0.406892 0.352925
vt 0.407534 0.349336
vt 0.295691 0.429739
vt 0.331698 0.404099
vt 0.309747 0.399443
vt 0.281695 0.412009
vt 0.351992 0.385165
vt 0.333540 0.386401
vt 0.328422 0.381990
vt 0.305050 0.390243
vt 0.278935 0.399349
vt 0.682739 0.470093
vt 0.682203 0.460575
vt 0.677260 0.458812
vt 0.677377 0.468751
vt 0.682511 0.457112
vt 0.677902 0.455885
vt 0.671061 0.452513
vt 0.670301 0.455048
vt 0.670059 0.465376
vt 0.650392 0.627689
vt 0.651030 0.642138
vt 0.669740 0.619970
vt 0.668718 0.608016
vt 0.651153 0.651828
vt 0.670565 0.628422
vt 0.682004 0.608743
vt 0.680829 0.600947
vt 0.679557 0.590427
vt 0.570645 0.681450
vt 0.567962 0.713974
vt 0.583832 0.700142
vt 0.587031 0.671497
vt 0.576073 0.738518
vt 0.580762 0.725601
vt 0.595006 0.699518
vt 0.599751 0.682211
vt 0.603333 0.660408
vt 0.435272 0.701491
vt 0.419372 0.730804
vt 0.452605 0.729572
vt 0.472569 0.703375
vt 0.413956 0.744326
vt 0.445289 0.741996
vt 0.470575 0.741277
vt 0.476542 0.728752
vt 0.493887 0.703892
vt 0.495686 0.727210
vt 0.509499 0.703835
vt 0.491448 0.738947
vt 0.514057 0.737953
vt 0.516601 0.725832
vt 0.526195 0.700441
vt 0.451733 0.349263
vt 0.455996 0.361074
vt 0.470367 0.357194
vt 0.467250 0.347713
vt 0.460453 0.378923
vt 0.479599 0.373519
vt 0.495466 0.372269
vt 0.479435 0.345283
vt 0.483227 0.336221
vt 0.530064 0.617264
vt 0.517677 0.669383
vt 0.528557 0.667441
vt 0.539448 0.618018
vt 0.539478 0.662214
vt 0.547388 0.616102
vt 0.465555 0.604725
vt 0.459144 0.664020
vt 0.499297 0.668426
vt 0.511065 0.614595
vt 0.653629 0.397911
vt 0.662929 0.353680
vt 0.606580 0.331496
vt 0.601168 0.377998
vt 0.639715 0.307675
vt 0.610324 0.284215
vt 0.600203 0.283539
vt 0.574199 0.311712
vt 0.572767 0.358240
vt 0.602553 0.595209
vt 0.604068 0.630660
vt 0.625204 0.619181
vt 0.622397 0.586655
vt 0.626574 0.646095
vt 0.648043 0.604840
vt 0.644654 0.576765
vt 0.517392 0.326487
vt 0.511690 0.323311
vt 0.501404 0.323306
vt 0.502445 0.326358
vt 0.649554 0.441675
vt 0.643218 0.448645
vt 0.659197 0.459448
vt 0.659993 0.448386
vt 0.660233 0.445133
vt 0.665341 0.588771
vt 0.661286 0.565163
vt 0.676314 0.574254
vt 0.672668 0.554635
vt 0.289846 0.460591
vt 0.372339 0.438170
vt 0.370199 0.422536
vt 0.290380 0.445676
vt 0.440747 0.462651
vt 0.434344 0.408709
vt 0.419569 0.383626
vt 0.368664 0.406499
vt 0.339246 0.737299
vt 0.377033 0.743428
vt 0.378140 0.730196
vt 0.337269 0.724166
vt 0.384629 0.699913
vt 0.333883 0.693692
vt 0.540322 0.499025
vt 0.545771 0.562653
vt 0.557020 0.564523
vt 0.553036 0.507860
vt 0.557940 0.611249
vt 0.572492 0.605777
vt 0.571333 0.563489
vt 0.568400 0.514456
vt 0.670005 0.486003
vt 0.677779 0.486806
vt 0.670116 0.510875
vt 0.678374 0.508473
vt 0.685154 0.505900
vt 0.683774 0.486278
vt 0.572761 0.645082
vt 0.588417 0.638186
vt 0.587426 0.600975
vt 0.734606 0.562801
vt 0.739152 0.554776
vt 0.722045 0.563531
vt 0.718277 0.571143
vt 0.748217 0.541315
vt 0.729062 0.551110
vt 0.712107 0.560635
vt 0.708349 0.572480
vt 0.699673 0.586857
vt 0.700524 0.578061
vt 0.697962 0.587826
vt 0.701589 0.567633
vt 0.694060 0.573450
vt 0.694670 0.583141
vt 0.694273 0.590943
vt 0.746271 0.489109
vt 0.740183 0.477279
vt 0.720870 0.479014
vt 0.725736 0.493023
vt 0.730955 0.465859
vt 0.714257 0.466781
vt 0.697919 0.468236
vt 0.701856 0.481954
vt 0.705629 0.498548
vt 0.690382 0.484575
vt 0.692807 0.502768
vt 0.688358 0.469722
vt 0.719902 0.456418
vt 0.707158 0.457976
vt 0.713773 0.450433
vt 0.703470 0.452565
vt 0.693332 0.455369
vt 0.694770 0.459702
vt 0.687154 0.460832
vt 0.686926 0.457089
vt 0.669574 0.665168
vt 0.688362 0.641764
vt 0.685619 0.677286
vt 0.704861 0.651913
vt 0.714589 0.625524
vt 0.699349 0.618925
vt 0.688460 0.589546
vt 0.689407 0.596795
vt 0.687247 0.579768
vt 0.608468 0.404945
vt 0.642201 0.379331
vt 0.613196 0.356182
vt 0.583793 0.391639
vt 0.678204 0.355744
vt 0.646980 0.324367
vt 0.611033 0.291210
vt 0.580964 0.338939
vt 0.558013 0.380758
vt 0.617242 0.703615
vt 0.643375 0.684165
vt 0.622406 0.675200
vt 0.634047 0.707725
vt 0.659457 0.695846
vt 0.730865 0.626429
vt 0.728442 0.603742
vt 0.724728 0.605234
vt 0.725976 0.626880
vt 0.719364 0.591473
vt 0.717532 0.593435
vt 0.714250 0.596631
vt 0.716354 0.606181
vt 0.523991 0.314302
vt 0.544683 0.293041
vt 0.541440 0.288324
vt 0.520946 0.308423
vt 0.562262 0.271869
vt 0.557007 0.261174
vt 0.693414 0.443733
vt 0.721831 0.429569
vt 0.714419 0.431306
vt 0.688736 0.441063
vt 0.530876 0.289686
vt 0.514400 0.312021
vt 0.554280 0.653624
vt 0.547643 0.691444
vt 0.543338 0.722362
vt 0.542261 0.737355
vt 0.706331 0.593879
vt 0.708313 0.589541
vt 0.709232 0.587124
vt 0.624714 0.663464
vt 0.696754 0.686816
vt 0.717988 0.656737
vt 0.701323 0.691123
vt 0.723849 0.658045
vt 0.626273 0.723373
vt 0.663638 0.710176
vt 0.621025 0.733917
vt 0.663101 0.717993
vt 0.704159 0.602838
vt 0.594091 0.738919
vt 0.600470 0.726598
vt 0.239737 0.522909
vt 0.259591 0.508148
vt 0.256927 0.479180
vt 0.236805 0.497770
vt 0.255804 0.455011
vt 0.235079 0.475504
vt 0.275438 0.724723
vt 0.303870 0.731136
vt 0.300974 0.717898
vt 0.273302 0.711355
vt 0.294741 0.687666
vt 0.267503 0.681677
vt 0.255514 0.433114
vt 0.234263 0.454214
vt 0.254810 0.419326
vt 0.232983 0.441431
vt 0.288088 0.643709
vt 0.261417 0.640237
vt 0.331857 0.648877
vt 0.321827 0.586921
vt 0.279601 0.591625
vt 0.253297 0.593289
vt 0.263781 0.542039
vt 0.244776 0.553841
vt 0.284608 0.519105
vt 0.552843 0.423662
vt 0.560588 0.462661
vt 0.580034 0.468868
vt 0.574538 0.430257
vt 0.584844 0.516537
vt 0.601068 0.516160
vt 0.598537 0.471989
vt 0.595617 0.436391
vt 0.522367 0.440395
vt 0.540789 0.451915
vt 0.528686 0.412987
vt 0.586590 0.560989
vt 0.601900 0.557487
vt 0.399123 0.657902
vt 0.395894 0.611771
vt 0.331781 0.531248
vt 0.371241 0.558075
vt 0.369201 0.577141
vt 0.323863 0.544525
vt 0.404703 0.567470
vt 0.411409 0.583439
vt 0.399635 0.581589
vt 0.442157 0.579927
vt 0.430206 0.566469
vt 0.393367 0.563779
vt 0.351136 0.556033
vt 0.344042 0.545071
vt 0.641914 0.479657
vt 0.658529 0.483596
vt 0.641841 0.514726
vt 0.658407 0.513159
vt 0.642288 0.546955
vt 0.658863 0.540258
vt 0.670668 0.533779
vt 0.620032 0.475546
vt 0.619235 0.443280
vt 0.620790 0.515380
vt 0.621216 0.552550
vt 0.459984 0.417469
vt 0.442657 0.386323
vt 0.487855 0.469924
vt 0.513377 0.477879
vt 0.487591 0.423574
vt 0.470131 0.532970
vt 0.506508 0.540176
vt 0.527419 0.550481
vt 0.506237 0.432367
vt 0.528326 0.488435
vt 0.537631 0.557734
vt 0.679397 0.529077
vt 0.681310 0.547982
vt 0.689013 0.543505
vt 0.686873 0.525345
vt 0.684476 0.565427
vt 0.691826 0.559956
vt 0.712554 0.546927
vt 0.700250 0.554312
vt 0.710825 0.531536
vt 0.697774 0.538593
vt 0.708535 0.515313
vt 0.695256 0.521175
vt 0.751906 0.525904
vt 0.731682 0.536432
vt 0.751025 0.511448
vt 0.730580 0.521546
vt 0.749717 0.499664
vt 0.728605 0.507331
vt 0.324186 0.525306
vt 0.333487 0.494637
vt 0.338185 0.498381
vt 0.414570 0.567182
vt 0.427817 0.519835
vt 0.412098 0.479599
vt 0.333432 0.466132
vt 0.340576 0.465959
vt 0.345130 0.482761
vt 0.322875 0.492213
vt 0.315917 0.518917
vt 0.341759 0.514614
vt 0.326668 0.468105
vt 0.313889 0.510255
vt 0.339499 0.560070
vt 0.320150 0.542983
vt 0.335058 0.552145
vt 0.379570 0.581571
vt 0.307873 0.541188
vt 0.321728 0.448896
vt 0.336173 0.453011
vt 0.375202 0.451832
vt 0.353083 0.467802
vt 0.339047 0.474554
vt 0.743931 0.461013
vt 0.730858 0.451173
vt 0.775692 0.434721
vt 0.759330 0.420465
vt 0.749572 0.413304
vt 0.723181 0.445419
vt 0.761713 0.484080
vt 0.754756 0.473174
vt 0.788831 0.464386
vt 0.785489 0.450088
vt 0.766484 0.535705
vt 0.768764 0.519431
vt 0.807792 0.536847
vt 0.806461 0.513131
vt 0.796778 0.491527
vt 0.767904 0.504135
vt 0.750674 0.557697
vt 0.756894 0.549834
vt 0.789140 0.561784
vt 0.797180 0.554288
vt 0.765885 0.493342
vt 0.791442 0.476940
vt 0.840557 0.584437
vt 0.855677 0.577139
vt 0.867415 0.591914
vt 0.880447 0.593518
vt 0.898502 0.565855
vt 0.872182 0.551032
vt 0.828438 0.368945
vt 0.805387 0.346761
vt 0.853232 0.322350
vt 0.826793 0.302199
vt 0.812459 0.315413
vt 0.790425 0.341795
vt 0.864006 0.386920
vt 0.864377 0.355373
vt 0.837220 0.393269
vt 0.835841 0.415703
vt 0.840341 0.472955
vt 0.834627 0.439458
vt 0.870849 0.460147
vt 0.863058 0.418127
vt 0.861592 0.512449
vt 0.890812 0.514006
vt 0.446517 0.523376
vt 0.429233 0.522418
vt 0.408719 0.523697
vt 0.421112 0.528273
vt 0.399361 0.476146
vt 0.403014 0.464824
vt 0.422051 0.463454
vt 0.415367 0.476312
vt 0.371449 0.464760
vt 0.372498 0.511430
vt 0.383129 0.471171
vt 0.385810 0.451936
vt 0.368954 0.446441
vt 0.387366 0.517931
vt 0.190470 0.482184
vt 0.170294 0.510683
vt 0.175882 0.519683
vt 0.195757 0.492512
vt 0.147647 0.535232
vt 0.152106 0.542409
vt 0.157556 0.552278
vt 0.182706 0.532150
vt 0.203248 0.509030
vt 0.211420 0.540791
vt 0.188435 0.554741
vt 0.194090 0.563981
vt 0.212616 0.559905
vt 0.149036 0.578630
vt 0.145967 0.583670
vt 0.137968 0.596815
vt 0.194429 0.565888
vt 0.222181 0.586549
vt 0.186406 0.543096
vt 0.208544 0.524852
vt 0.159887 0.561804
vt 0.116730 0.595673
vt 0.089039 0.626710
vt 0.091576 0.634725
vt 0.120415 0.603120
vt 0.071141 0.638994
vt 0.072457 0.645400
vt 0.074634 0.645640
vt 0.092766 0.642946
vt 0.121987 0.613585
vt 0.106976 0.585935
vt 0.084606 0.614737
vt 0.085941 0.620117
vt 0.111433 0.591024
vt 0.076355 0.625549
vt 0.071304 0.632718
vt 0.123273 0.617713
vt 0.119116 0.637307
vt 0.135206 0.624321
vt 0.106379 0.636837
vt 0.098905 0.650334
vt 0.094368 0.657670
vt 0.120449 0.656114
vt 0.137418 0.671899
vt 0.123853 0.558773
vt 0.127700 0.564708
vt 0.132797 0.570027
vt 0.136585 0.577707
vt 0.138789 0.589370
vt 0.234248 0.589705
vt 0.241248 0.633166
vt 0.223126 0.632157
vt 0.225774 0.681212
vt 0.246514 0.674198
vt 0.251445 0.704457
vt 0.226534 0.696145
vt 0.228505 0.709749
vt 0.253184 0.718200
vt 0.219713 0.490977
vt 0.223506 0.510633
vt 0.226488 0.531373
vt 0.229433 0.556264
vt 0.212003 0.460788
vt 0.215233 0.472023
vt 0.157303 0.691384
vt 0.193726 0.698847
vt 0.191413 0.691742
vt 0.152900 0.685835
vt 0.181946 0.685599
vt 0.093125 0.663144
vt 0.122935 0.669257
vt 0.093082 0.667254
vt 0.123932 0.676674
vt 0.651015 0.431262
vt 0.638955 0.436307
vt 0.645430 0.438741
vt 0.656983 0.435833
vt 0.518018 0.322185
vt 0.524552 0.330755
vt 0.656130 0.417577
vt 0.685161 0.433889
vt 0.689005 0.413855
vt 0.649926 0.428123
vt 0.677325 0.445988
vt 0.695923 0.462486
vt 0.705366 0.444797
vt 0.708013 0.427398
vt 0.709492 0.446458
vt 0.712845 0.431792
vt 0.490569 0.339138
vt 0.485936 0.345031
vt 0.495736 0.355651
vt 0.492484 0.336611
vt 0.500703 0.341505
vt 0.523698 0.389295
vt 0.529696 0.369749
vt 0.550292 0.403054
vt 0.544623 0.354223
vt 0.542669 0.332833
vt 0.541279 0.358308
vt 0.564908 0.387117
vt 0.569050 0.380403
vt 0.595833 0.419153
vt 0.619689 0.428562
vt 0.632417 0.418683
vt 0.598083 0.399931
vt 0.595818 0.409099
vt 0.573283 0.410687
vt 0.601308 0.265893
vt 0.581127 0.258617
vt 0.582309 0.276243
vt 0.691470 0.347018
vt 0.708238 0.410237
vt 0.719148 0.396700
vt 0.635829 0.289768
vt 0.610941 0.266880
vt 0.622038 0.277158
vt 0.659580 0.312413
vt 0.694096 0.358795
vt 0.693573 0.356874
vt 0.671952 0.321620
vt 0.680582 0.334944
vt 0.527906 0.275782
vt 0.530068 0.282422
vt 0.569254 0.282490
vt 0.576776 0.268328
vt 0.673685 0.424599
vt 0.546429 0.329563
vt 0.513058 0.313255
vt 0.707117 0.391589
vt 0.689802 0.372424
vt 0.556619 0.302665
vt 0.504393 0.311181
vt 0.711679 0.397653
vt 0.404098 0.368009
vt 0.410455 0.373468
vt 0.431066 0.370574
vt 0.422727 0.362913
vt 0.439500 0.368910
vt 0.429757 0.361355
vt 0.441395 0.359911
vt 0.439192 0.351159
vt 0.429958 0.350567
vt 0.431540 0.356746
vt 0.371743 0.390960
vt 0.373414 0.381908
vt 0.425000 0.353892
vt 0.418994 0.353118
vt 0.418635 0.355049
vt 0.423224 0.357054
vt 0.356199 0.372922
vt 0.370112 0.369113
vt 0.362107 0.373787
vt 0.373193 0.371197
vt 0.395214 0.361392
vt 0.391939 0.359646
vt 0.416117 0.358966
vt 0.411557 0.356346
vt 0.399330 0.364213
vt 0.358991 0.377465
vt 0.345893 0.377691
vt 0.373956 0.375717
vt 0.409623 0.354475
vt 0.535584 0.556760
vt 0.531587 0.570094
vt 0.531812 0.555717
vt 0.494374 0.436141
vt 0.493309 0.451677
vt 0.489296 0.445175
vt 0.489829 0.429520
vt 0.483283 0.481439
vt 0.483003 0.449379
vt 0.488713 0.477043
vt 0.484920 0.518984
vt 0.488512 0.514178
vt 0.537910 0.508251
vt 0.537493 0.529986
vt 0.531985 0.527650
vt 0.531587 0.505307
vt 0.488517 0.532608
vt 0.483003 0.433605
vt 0.558116 0.306409
vt 0.559458 0.308985
vt 0.557439 0.317369
vt 0.557817 0.310493
vt -0.190498 0.471933
vt -0.185188 0.484588
vt -0.190308 0.497093
vt -0.194362 0.483559
vt 0.491496 0.376425
vt 0.490550 0.381309
vt 0.487447 0.390496
vt 0.487685 0.385679
vt 0.480314 0.343604
vt 0.481096 0.328574
vt 0.485960 0.341048
vt 0.485714 0.356490
vt 0.478434 0.371472
vt 0.483397 0.384053
vt 0.486498 0.293551
vt 0.488844 0.285893
vt 0.489549 0.293959
vt 0.489000 0.304026
vt 0.483881 0.307316
vt 0.487612 0.318899
vt 0.561511 0.207938
vt 0.561511 0.231041
vt 0.557477 0.242609
vt 0.557389 0.219660
vt -0.177046 0.504354
vt -0.187438 0.517240
vt 0.492440 0.281356
vt 0.493214 0.283033
vt 0.493277 0.287595
vt 0.490439 0.286519
vt 0.490917 0.282162
vt 0.560348 0.315360
vt 0.557389 0.325975
vt 0.494037 0.333481
vt 0.494316 0.348913
vt 0.490103 0.358153
vt 0.490307 0.342696
vt 0.493351 0.295401
vt 0.492468 0.305341
vt 0.483270 0.388912
vt 0.491661 0.320434
vt 0.479100 0.376968
vt 0.143905 0.631660
vt 0.149502 0.655785
vt 0.151172 0.596510
vt 0.199129 0.589273
vt 0.174106 0.578939
vt 0.176026 0.669550
vt 0.204707 0.655860
vt 0.211578 0.621288
vt 0.149516 0.656692
vt 0.144490 0.621887
vt 0.167478 0.591819
vt 0.194363 0.582791
vt 0.207812 0.604300
vt 0.176998 0.677754
vt 0.204747 0.662560
vt 0.213694 0.633348
vt 0.208651 0.646868
vt 0.189416 0.673797
vt 0.186741 0.664806
vt 0.202187 0.642973
vt 0.189330 0.581569
vt 0.208651 0.608632
vt 0.202118 0.612259
vt 0.186557 0.590596
vt 0.162221 0.674049
vt 0.142790 0.647192
vt 0.149232 0.643221
vt 0.164795 0.664866
vt 0.142607 0.608924
vt 0.149154 0.612492
vt 0.192303 0.674347
vt 0.164833 0.673844
vt 0.164281 0.665227
vt 0.187418 0.665529
vt 0.165289 0.581455
vt 0.192627 0.581386
vt 0.187689 0.587357
vt 0.164653 0.587287
vt 0.212066 0.608501
vt 0.212308 0.647369
vt 0.203974 0.642759
vt 0.204001 0.610280
vt 0.145751 0.646365
vt 0.146265 0.608437
vt 0.150503 0.611767
vt 0.148188 0.642173
vt 0.161880 0.581552
vt 0.164635 0.590756
vt 0.168485 0.653239
vt 0.183406 0.653228
vt 0.157970 0.638575
vt 0.168222 0.602859
vt 0.157801 0.617802
vt 0.193970 0.638396
vt 0.193942 0.617308
vt 0.183173 0.602576
vt 0.171985 0.642771
vt 0.180563 0.642651
vt 0.186591 0.634052
vt 0.186417 0.622043
vt 0.165747 0.622368
vt 0.165811 0.634401
vt 0.180330 0.613581
vt 0.170410 0.624931
vt 0.170408 0.631656
vt 0.181823 0.624809
vt 0.178509 0.620114
vt 0.173885 0.636294
vt 0.178660 0.636189
vt 0.181963 0.631408
vt 0.171728 0.613758
vt 0.174338 0.629309
vt 0.175453 0.630794
vt 0.176984 0.630759
vt 0.178034 0.629231
vt 0.173760 0.620162
vt 0.175415 0.625626
vt 0.174340 0.627154
vt 0.176929 0.625616
vt 0.177990 0.627119
vt 0.176293 0.628185
vt 0.154005 0.640608
vt 0.156068 0.615273
vt 0.159011 0.618141
vt 0.158306 0.638638
vt 0.200885 0.641222
vt 0.186803 0.660309
vt 0.188401 0.647836
vt 0.197478 0.636704
vt 0.167707 0.594596
vt 0.170136 0.604022
vt 0.187057 0.594565
vt 0.200788 0.613778
vt 0.198698 0.614442
vt 0.183697 0.600763
vt 0.167392 0.659986
vt 0.174447 0.633577
vt 0.177832 0.628968
vt 0.168459 0.618144
vt 0.164740 0.623161
vt 0.177872 0.621998
vt 0.173472 0.617433
vt 0.169428 0.654309
vt 0.164717 0.630098
vt 0.168600 0.634814
vt 0.169428 0.654309
vt 0.168570 0.628306
vt 0.170269 0.630257
vt 0.172673 0.629933
vt 0.172390 0.622916
vt 0.170124 0.623141
vt 0.174221 0.627801
vt 0.174157 0.624867
vt 0.179169 0.630769
vt 0.168531 0.625343
s 0
usemtl Material.001
f 59/1/1 342/2/1 741/3/1 504/4/1
f 342/2/2 52/5/2 497/6/2 741/3/2
f 741/3/3 497/6/3 137/7/3 499/8/3
f 504/4/4 741/3/4 499/8/4 140/9/4
f 30/10/5 296/11/5 742/12/5 305/13/5
f 296/11/6 15/14/6 257/15/6 742/12/6
f 742/12/7 257/15/7 5/16/7 256/17/7
f 305/13/8 742/12/8 256/17/8 27/18/8
f 16/19/9 284/20/9 743/21/9 271/22/9
f 284/20/10 14/23/10 270/24/10 743/21/10
f 743/21/11 270/24/11 34/25/11 311/26/11
f 271/22/12 743/21/12 311/26/12 35/27/12
f 43/28/13 320/29/13 744/30/13 324/31/13
f 320/29/14 39/32/14 325/33/14 744/30/14
f 744/30/15 325/33/15 45/34/15 327/35/15
f 324/31/16 744/30/16 327/35/16 44/36/16
f 56/37/17 280/38/17 745/39/17 266/40/17
f 280/38/18 18/41/18 273/42/18 745/39/18
f 745/39/19 273/42/19 4/43/19 252/44/19
f 266/40/20 745/39/20 252/44/20 1/45/20
f 18/41/21 278/46/21 746/47/21 273/42/21
f 278/46/22 21/48/22 265/49/22 746/47/22
f 746/47/23 265/49/23 8/50/23 263/51/23
f 273/42/24 746/47/24 263/51/24 4/43/24
f 7/52/25 260/53/25 747/54/25 261/55/25
f 260/53/26 9/56/26 275/57/26 747/54/26
f 747/54/27 275/57/27 124/58/27 277/59/27
f 261/55/28 747/54/28 277/59/28 19/60/28
f 62/61/29 374/62/29 748/63/29 349/64/29
f 374/62/30 65/65/30 276/66/30 748/63/30
f 748/63/31 276/66/31 21/48/31 278/46/31
f 349/64/32 748/63/32 278/46/32 18/41/32
f 80/67/33 372/68/33 749/69/33 346/70/33
f 372/68/34 62/61/34 349/64/34 749/69/34
f 749/69/35 349/64/35 18/41/35 280/38/35
f 346/70/36 749/69/36 280/38/36 56/37/36
f 122/71/37 318/72/37 750/73/37 494/74/37
f 318/72/38 127/75/38 493/76/38 750/73/38
f 750/73/39 493/76/39 132/77/39 484/78/39
f 494/74/40 750/73/40 484/78/40 129/79/40
f 67/80/41 370/81/41 751/82/41 314/83/41
f 370/81/42 60/84/42 345/85/42 751/82/42
f 751/82/43 345/85/43 16/19/43 313/86/43
f 314/83/44 751/82/44 313/86/44 39/32/44
f 6/87/45 258/88/45 752/89/45 259/90/45
f 258/88/46 5/16/46 257/15/46 752/89/46
f 752/89/47 257/15/47 15/14/47 283/91/47
f 259/90/48 752/89/48 283/91/48 121/92/48
f 60/84/49 368/93/49 753/94/49 345/85/49
f 368/93/50 73/95/50 376/96/50 753/94/50
f 753/94/51 376/96/51 14/23/51 284/20/51
f 345/85/52 753/94/52 284/20/52 16/19/52
f 82/97/53 357/98/53 754/99/53 366/100/53
f 357/98/54 59/1/54 286/101/54 754/99/54
f 754/99/55 286/101/55 57/102/55 267/103/55
f 366/100/56 754/99/56 267/103/56 81/104/56
f 53/105/57 341/106/57 755/107/57 337/108/57
f 341/106/58 58/109/58 285/110/58 755/107/58
f 755/107/59 285/110/59 56/37/59 266/40/59
f 337/108/60 755/107/60 266/40/60 1/45/60
f 64/111/61 361/112/61 756/113/61 352/114/61
f 361/112/62 68/115/62 356/116/62 756/113/62
f 756/113/63 356/116/63 69/117/63 362/118/63
f 352/114/64 756/113/64 362/118/64 65/65/64
f 15/14/65 296/11/65 757/119/65 375/120/65
f 296/11/66 30/10/66 303/121/66 757/119/66
f 757/119/67 303/121/67 79/122/67 384/123/67
f 375/120/68 757/119/68 384/123/68 72/124/68
f 69/117/69 364/125/69 758/126/69 323/127/69
f 364/125/70 67/80/70 314/83/70 758/126/70
f 758/126/71 314/83/71 39/32/71 320/29/71
f 323/127/72 758/126/72 320/29/72 43/28/72
f 22/128/73 291/129/73 759/130/73 255/131/73
f 291/129/74 33/132/74 300/133/74 759/130/74
f 759/130/75 300/133/75 29/134/75 287/135/75
f 255/131/76 759/130/76 287/135/76 24/136/76
f 33/132/77 310/137/77 760/138/77 300/133/77
f 310/137/78 36/139/78 301/140/78 760/138/78
f 760/138/79 301/140/79 28/141/79 295/142/79
f 300/133/80 760/138/80 295/142/80 29/134/80
f 75/143/81 388/144/81 761/145/81 289/146/81
f 388/144/82 77/147/82 302/148/82 761/145/82
f 761/145/83 302/148/83 31/149/83 288/150/83
f 289/146/84 761/145/84 288/150/84 25/151/84
f 77/147/85 386/152/85 762/153/85 302/148/85
f 386/152/86 79/122/86 303/121/86 762/153/86
f 762/153/87 303/121/87 30/10/87 297/154/87
f 302/148/88 762/153/88 297/154/88 31/149/88
f 25/151/89 288/150/89 763/155/89 290/156/89
f 288/150/90 31/149/90 304/157/90 763/155/90
f 763/155/91 304/157/91 26/158/91 292/159/91
f 290/156/92 763/155/92 292/159/92 23/160/92
f 31/149/93 297/154/93 764/161/93 304/157/93
f 297/154/94 30/10/94 305/13/94 764/161/94
f 764/161/95 305/13/95 27/18/95 293/162/95
f 304/157/96 764/161/96 293/162/96 26/158/96
f 35/27/97 311/26/97 765/163/97 299/164/97
f 311/26/98 34/25/98 335/165/98 765/163/98
f 765/163/99 335/165/99 48/166/99 332/167/99
f 299/164/100 765/163/100 332/167/100 49/168/100
f 36/139/101 309/169/101 766/170/101 301/140/101
f 309/169/102 34/25/102 270/24/102 766/170/102
f 766/170/103 270/24/103 14/23/103 294/171/103
f 301/140/104 766/170/104 294/171/104 28/141/104
f 38/172/105 472/173/105 767/174/105 492/175/105
f 472/173/106 42/176/106 491/177/106 767/174/106
f 767/174/107 491/177/107 134/178/107 490/179/107
f 492/175/108 767/174/108 490/179/108 133/180/108
f 45/34/109 326/181/109 768/182/109 254/183/109
f 326/181/110 35/27/110 299/164/110 768/182/110
f 768/182/111 299/164/111 49/168/111 333/184/111
f 254/183/112 768/182/112 333/184/112 51/185/112
f 46/186/113 328/187/113 769/188/113 317/189/113
f 328/187/114 48/166/114 330/190/114 769/188/114
f 769/188/115 330/190/115 50/191/115 331/192/115
f 317/189/116 769/188/116 331/192/116 47/193/116
f 123/194/117 465/195/117 770/196/117 315/197/117
f 465/198/118 17/199/118 322/200/118 770/201/118
f 770/201/119 322/200/119 135/202/119 486/203/119
f 315/197/120 770/196/120 486/204/120 131/205/120
f 65/65/121 362/118/121 771/206/121 276/66/121
f 362/118/122 69/117/122 323/127/122 771/206/122
f 771/206/123 323/127/123 43/28/123 282/207/123
f 276/66/124 771/206/124 282/207/124 21/48/124
f 21/48/125 282/207/125 772/208/125 265/49/125
f 282/207/126 43/28/126 324/31/126 772/208/126
f 772/208/127 324/31/127 44/36/127 321/209/127
f 265/49/128 772/208/128 321/209/128 8/50/128
f 36/139/129 310/137/129 773/210/129 306/211/129
f 310/137/130 33/132/130 307/212/130 773/210/130
f 773/210/131 307/212/131 47/193/131 331/192/131
f 306/211/132 773/210/132 331/192/132 50/191/132
f 35/27/133 326/181/133 774/213/133 271/22/133
f 326/181/134 45/34/134 325/33/134 774/213/134
f 774/213/135 325/33/135 39/32/135 313/86/135
f 271/22/136 774/213/136 313/86/136 16/19/136
f 49/168/137 332/167/137 775/214/137 329/215/137
f 332/167/138 48/166/138 328/187/138 775/214/138
f 775/214/139 328/187/139 46/186/139 298/216/139
f 329/215/140 775/214/140 298/216/140 32/217/140
f 51/185/141 333/184/141 776/218/141 334/219/141
f 333/184/142 49/168/142 329/215/142 776/218/142
f 776/218/143 329/215/143 32/217/143 316/220/143
f 334/219/144 776/218/144 316/220/144 40/221/144
f 34/25/145 309/169/145 777/222/145 335/165/145
f 309/169/146 36/139/146 306/211/146 777/222/146
f 777/222/147 306/211/147 50/191/147 330/190/147
f 335/165/148 777/222/148 330/190/148 48/166/148
f 44/36/149 327/35/149 778/223/149 253/224/149
f 327/35/150 45/34/150 254/183/150 778/223/150
f 778/223/151 254/183/151 51/185/151 334/219/151
f 253/224/152 778/223/152 334/219/152 40/221/152
f 55/225/153 269/226/153 779/227/153 360/228/153
f 269/226/154 13/229/154 339/230/154 779/227/154
f 779/227/155 339/230/155 59/1/155 357/98/155
f 360/228/156 779/227/156 357/98/156 82/97/156
f 3/231/157 268/232/157 780/233/157 250/234/157
f 268/232/158 12/235/158 338/236/158 780/233/158
f 780/233/159 338/236/159 58/109/159 341/106/159
f 250/234/160 780/233/160 341/106/160 53/105/160
f 13/229/161 251/237/161 781/238/161 339/230/161
f 251/237/162 2/239/162 336/240/162 781/238/162
f 781/238/163 336/240/163 52/5/163 342/2/163
f 339/230/164 781/238/164 342/2/164 59/1/164
f 12/235/165 343/241/165 782/242/165 338/236/165
f 343/241/166 54/243/166 359/244/166 782/242/166
f 782/242/167 359/244/167 83/245/167 340/246/167
f 338/236/168 782/242/168 340/246/168 58/109/168
f 54/243/169 348/247/169 783/248/169 359/244/169
f 348/247/170 55/225/170 360/228/170 783/248/170
f 783/248/171 360/228/171 82/97/171 358/249/171
f 359/244/172 783/248/172 358/249/172 83/245/172
f 126/250/173 319/251/173 784/252/173 355/253/173
f 319/251/174 128/254/174 353/255/174 784/252/174
f 784/252/175 353/255/175 66/256/175 363/257/175
f 355/253/176 784/252/176 363/257/176 68/115/176
f 124/58/177 281/258/177 785/259/177 351/260/177
f 281/258/178 126/250/178 355/253/178 785/259/178
f 785/259/179 355/253/179 68/115/179 361/112/179
f 351/260/180 785/259/180 361/112/180 64/111/180
f 68/115/181 363/257/181 786/261/181 356/116/181
f 363/257/182 66/256/182 354/262/182 786/261/182
f 786/261/183 354/262/183 67/80/183 364/125/183
f 356/116/184 786/261/184 364/125/184 69/117/184
f 58/109/185 340/246/185 787/263/185 285/110/185
f 340/246/186 83/245/186 365/264/186 787/263/186
f 787/263/187 365/264/187 80/67/187 346/70/187
f 285/110/188 787/263/188 346/70/188 56/37/188
f 10/265/189 392/266/189 788/267/189 425/268/189
f 392/269/190 71/270/190 424/271/190 788/272/190
f 788/272/191 424/271/191 99/273/191 422/274/191
f 425/268/192 788/267/192 422/275/192 96/276/192
f 121/92/193 283/91/193 789/277/193 272/278/193
f 283/91/194 15/14/194 375/120/194 789/277/194
f 789/277/195 375/120/195 72/124/195 367/279/195
f 272/278/196 789/277/196 367/279/196 61/280/196
f 61/280/197 367/279/197 790/281/197 344/282/197
f 367/279/198 72/124/198 377/283/198 790/281/198
f 790/281/199 377/283/199 73/95/199 368/93/199
f 344/282/200 790/281/200 368/93/200 60/84/200
f 128/254/201 312/284/201 791/285/201 353/255/201
f 312/284/202 121/92/202 272/278/202 791/285/202
f 791/285/203 272/278/203 61/280/203 369/286/203
f 353/255/204 791/285/204 369/286/204 66/256/204
f 66/256/205 369/286/205 792/287/205 354/262/205
f 369/286/206 61/280/206 344/282/206 792/287/206
f 792/287/207 344/282/207 60/84/207 370/81/207
f 354/262/208 792/287/208 370/81/208 67/80/208
f 57/102/209 279/288/209 793/289/209 267/103/209
f 279/288/210 19/60/210 274/290/210 793/289/210
f 793/289/211 274/290/211 63/291/211 371/292/211
f 267/103/212 793/289/212 371/292/212 81/104/212
f 81/104/213 371/292/213 794/293/213 347/294/213
f 371/292/214 63/291/214 350/295/214 794/293/214
f 794/293/215 350/295/215 62/61/215 372/68/215
f 347/294/216 794/293/216 372/68/216 80/67/216
f 19/60/217 277/59/217 795/296/217 274/290/217
f 277/59/218 124/58/218 351/260/218 795/296/218
f 795/296/219 351/260/219 64/111/219 373/297/219
f 274/290/220 795/296/220 373/297/220 63/291/220
f 63/291/221 373/297/221 796/298/221 350/295/221
f 373/297/222 64/111/222 352/114/222 796/298/222
f 796/298/223 352/114/223 65/65/223 374/62/223
f 350/295/224 796/298/224 374/62/224 62/61/224
f 72/124/225 384/123/225 797/299/225 377/283/225
f 384/123/226 79/122/226 383/300/226 797/299/226
f 797/299/227 383/300/227 78/301/227 389/302/227
f 377/283/228 797/299/228 389/302/228 73/95/228
f 73/95/229 389/302/229 798/303/229 376/96/229
f 389/302/230 78/301/230 382/304/230 798/303/230
f 798/303/231 382/304/231 28/141/231 294/171/231
f 376/96/232 798/303/232 294/171/232 14/23/232
f 29/134/233 295/142/233 799/305/233 380/306/233
f 295/142/234 28/141/234 382/304/234 799/305/234
f 799/305/235 382/304/235 78/301/235 385/307/235
f 380/306/236 799/305/236 385/307/236 76/308/236
f 76/308/237 385/307/237 800/309/237 381/310/237
f 385/307/238 78/301/238 383/300/238 800/309/238
f 800/309/239 383/300/239 79/122/239 386/152/239
f 381/310/240 800/309/240 386/152/240 77/147/240
f 24/136/241 287/135/241 801/311/241 378/312/241
f 287/135/242 29/134/242 380/306/242 801/311/242
f 801/311/243 380/306/243 76/308/243 387/313/243
f 378/312/244 801/311/244 387/313/244 74/314/244
f 74/314/245 387/313/245 802/315/245 379/316/245
f 387/313/246 76/308/246 381/310/246 802/315/246
f 802/315/247 381/310/247 77/147/247 388/144/247
f 379/316/248 802/315/248 388/144/248 75/143/248
f 10/265/249 390/317/249 803/318/249 394/319/249
f 390/317/250 11/320/250 395/321/250 803/318/250
f 803/322/251 395/323/251 81/104/251 347/294/251
f 394/324/252 803/322/252 347/294/252 80/67/252
f 70/325/253 391/326/253 804/327/253 396/328/253
f 391/326/254 71/270/254 397/329/254 804/327/254
f 804/330/255 397/331/255 83/245/255 358/249/255
f 396/332/256 804/330/256 358/249/256 82/97/256
f 71/270/257 392/269/257 805/333/257 397/329/257
f 392/266/258 10/265/258 394/319/258 805/334/258
f 805/335/259 394/324/259 80/67/259 365/264/259
f 397/331/260 805/335/260 365/264/260 83/245/260
f 11/320/261 393/336/261 806/337/261 395/321/261
f 393/338/262 70/325/262 396/328/262 806/339/262
f 806/340/263 396/332/263 82/97/263 366/100/263
f 395/323/264 806/340/264 366/100/264 81/104/264
f 25/151/265 290/156/265 807/341/265 400/342/265
f 290/156/266 23/160/266 401/343/266 807/341/266
f 807/341/267 401/343/267 84/344/267 399/345/267
f 400/342/268 807/341/268 399/345/268 85/346/268
f 75/143/269 289/146/269 808/347/269 402/348/269
f 289/146/270 25/151/270 400/342/270 808/347/270
f 808/347/271 400/342/271 85/346/271 398/349/271
f 402/348/272 808/347/272 398/349/272 86/350/272
f 24/136/273 378/312/273 809/351/273 405/352/273
f 378/312/274 74/314/274 406/353/274 809/351/274
f 809/351/275 406/353/275 89/354/275 404/355/275
f 405/352/276 809/351/276 404/355/276 88/356/276
f 22/128/277 255/131/277 810/357/277 407/358/277
f 255/131/278 24/136/278 405/352/278 810/357/278
f 810/357/279 405/352/279 88/356/279 403/359/279
f 407/358/280 810/357/280 403/359/280 87/360/280
f 74/314/281 379/316/281 811/361/281 406/353/281
f 379/316/282 75/143/282 402/348/282 811/361/282
f 811/361/283 402/348/283 86/350/283 408/362/283
f 406/353/284 811/361/284 408/362/284 89/354/284
f 87/360/285 403/359/285 812/363/285 410/364/285
f 403/359/286 88/356/286 411/365/286 812/363/286
f 812/363/287 411/365/287 91/366/287 409/367/287
f 410/364/288 812/363/288 409/367/288 90/368/288
f 85/346/289 399/345/289 813/369/289 413/370/289
f 399/345/290 84/344/290 414/371/290 813/369/290
f 813/369/291 414/371/291 92/372/291 412/373/291
f 413/370/292 813/369/292 412/373/292 93/374/292
f 94/375/293 415/376/293 814/377/293 416/378/293
f 415/376/294 86/350/294 398/349/294 814/377/294
f 814/377/295 398/349/295 85/346/295 413/370/295
f 416/378/296 814/377/296 413/370/296 93/374/296
f 89/354/297 408/362/297 815/379/297 417/380/297
f 408/362/298 86/350/298 415/376/298 815/379/298
f 815/379/299 415/376/299 94/375/299 418/381/299
f 417/380/300 815/379/300 418/381/300 95/382/300
f 89/354/301 417/380/301 816/383/301 404/355/301
f 417/380/302 95/382/302 419/384/302 816/383/302
f 816/383/303 419/384/303 91/366/303 411/365/303
f 404/355/304 816/383/304 411/365/304 88/356/304
f 99/273/305 421/385/305 817/386/305 422/274/305
f 421/385/306 98/387/306 423/388/306 817/386/306
f 817/389/307 423/390/307 97/391/307 420/392/307
f 422/275/308 817/389/308 420/392/308 96/276/308
f 11/320/309 390/317/309 818/393/309 426/394/309
f 390/317/310 10/265/310 425/268/310 818/393/310
f 818/393/311 425/268/311 96/276/311 420/392/311
f 426/394/312 818/393/312 420/392/312 97/391/312
f 70/325/313 393/338/313 819/395/313 427/396/313
f 393/336/314 11/320/314 426/394/314 819/397/314
f 819/397/315 426/394/315 97/391/315 423/390/315
f 427/396/316 819/395/316 423/388/316 98/387/316
f 71/270/317 391/326/317 820/398/317 424/271/317
f 391/326/318 70/325/318 427/396/318 820/398/318
f 820/398/319 427/396/319 98/387/319 421/385/319
f 424/271/320 820/398/320 421/385/320 99/273/320
f 113/399/321 460/400/321 821/401/321 450/402/321
f 460/400/322 114/403/322 433/404/322 821/401/322
f 821/401/323 433/404/323 102/405/323 428/406/323
f 450/402/324 821/401/324 428/406/324 100/407/324
f 115/408/325 459/409/325 822/410/325 452/411/325
f 459/409/326 1005/412/326 1006/413/326 822/410/326
f 822/410/327 1006/413/327 1004/414/327 431/415/327
f 452/411/328 822/410/328 431/415/328 104/416/328
f 114/403/329 458/417/329 823/418/329 433/404/329
f 458/417/330 115/408/330 452/411/330 823/418/330
f 823/418/331 452/411/331 104/416/331 429/419/331
f 433/404/332 823/418/332 429/419/332 102/405/332
f 456/420/333 117/420/333 1029/420/333 1018/420/333
f 689/420/333 227/420/333 1033/420/333 1024/420/333
f 117/420/333 454/420/333 1019/420/333 1029/420/333
f 216/420/333 689/420/333 1024/420/333 1030/420/333
f 111/421/334 449/422/334 824/423/334 446/424/334
f 449/422/335 110/425/335 439/426/335 824/423/335
f 824/423/336 439/426/336 107/427/336 438/428/336
f 446/424/337 824/423/337 438/428/337 106/429/337
f 112/430/338 448/431/338 825/432/338 447/433/338
f 448/431/339 111/421/339 446/424/339 825/432/339
f 825/432/340 446/424/340 106/429/340 437/434/340
f 447/433/341 825/432/341 437/434/341 105/435/341
f 1004/414/342 1003/436/342 826/437/342 443/438/342
f 1003/436/343 1002/439/343 444/440/343 826/437/343
f 826/437/344 444/440/344 108/441/344 442/442/344
f 443/438/345 826/437/345 442/442/345 109/443/345
f 100/407/346 428/406/346 827/444/346 441/445/346
f 428/406/347 102/405/347 440/446/347 827/444/347
f 827/444/348 440/446/348 111/421/348 448/431/348
f 441/445/349 827/444/349 448/431/349 112/430/349
f 102/405/350 429/419/350 828/447/350 440/446/350
f 429/419/351 104/416/351 445/448/351 828/447/351
f 828/447/352 445/448/352 110/425/352 449/422/352
f 440/446/353 828/447/353 449/422/353 111/421/353
f 54/243/354 343/241/354 829/449/354 453/450/354
f 343/241/355 12/235/355 436/451/355 829/449/355
f 829/449/356 436/451/356 1008/452/356 1009/453/356
f 453/450/357 829/449/357 1009/453/357 1005/412/357
f 12/235/358 268/232/358 830/454/358 436/451/358
f 268/232/359 3/231/359 455/455/359 830/454/359
f 830/454/360 455/455/360 118/456/360 457/457/360
f 436/451/361 830/454/361 457/457/361 1008/452/361
f 13/229/362 269/226/362 831/458/362 451/459/362
f 269/226/363 55/225/363 434/460/363 831/458/363
f 831/458/364 434/460/364 115/408/364 458/417/364
f 451/459/365 831/458/365 458/417/365 114/403/365
f 55/225/366 348/247/366 832/461/366 434/460/366
f 348/247/367 54/243/367 453/450/367 832/461/367
f 832/461/368 453/450/368 1005/412/368 459/409/368
f 434/460/369 832/461/369 459/409/369 115/408/369
f 2/239/370 251/237/370 833/462/370 432/463/370
f 251/237/371 13/229/371 451/459/371 833/462/371
f 833/462/372 451/459/372 114/403/372 460/400/372
f 432/463/373 833/462/373 460/400/373 113/399/373
f 119/464/374 462/465/374 834/466/374 461/467/374
f 462/465/375 1002/439/375 1007/468/375 834/466/375
f 834/466/376 1007/468/376 1008/452/376 457/457/376
f 461/467/377 834/466/377 457/457/377 118/456/377
f 108/441/378 444/440/378 835/469/378 464/470/378
f 444/440/379 1002/439/379 462/465/379 835/469/379
f 835/469/380 462/465/380 119/464/380 463/471/380
f 464/470/381 835/469/381 463/471/381 120/472/381
f 17/199/382 465/198/382 836/473/382 473/474/382
f 465/195/383 123/194/383 474/475/383 836/476/383
f 836/476/384 474/475/384 6/477/384 259/478/384
f 473/474/385 836/473/385 259/90/385 121/92/385
f 122/71/386 264/479/386 837/480/386 475/481/386
f 264/479/387 125/482/387 476/483/387 837/480/387
f 837/480/388 476/483/388 9/484/388 466/485/388
f 475/481/389 837/480/389 466/485/389 41/486/389
f 125/482/390 467/487/390 838/488/390 476/483/390
f 467/489/391 20/490/391 477/491/391 838/492/391
f 838/492/392 477/491/392 124/58/392 275/57/392
f 476/483/393 838/488/393 275/493/393 9/484/393
f 20/490/394 468/494/394 839/495/394 477/491/394
f 468/494/395 42/176/395 478/496/395 839/495/395
f 839/495/396 478/496/396 126/250/396 281/258/396
f 477/491/397 839/495/397 281/258/397 124/58/397
f 123/194/398 308/497/398 840/498/398 474/475/398
f 308/497/399 127/75/399 479/499/399 840/498/399
f 840/498/400 479/499/400 37/500/400 469/501/400
f 474/475/401 840/498/401 469/501/401 6/477/401
f 38/172/402 470/502/402 841/503/402 480/504/402
f 470/502/403 17/199/403 473/474/403 841/503/403
f 841/503/404 473/474/404 121/92/404 312/284/404
f 480/504/405 841/503/405 312/284/405 128/254/405
f 127/75/406 318/72/406 842/505/406 479/499/406
f 318/72/407 122/71/407 475/481/407 842/505/407
f 842/505/408 475/481/408 41/486/408 471/506/408
f 479/499/409 842/505/409 471/506/409 37/500/409
f 42/176/410 472/173/410 843/507/410 478/496/410
f 472/173/411 38/172/411 480/504/411 843/507/411
f 843/507/412 480/504/412 128/254/412 319/251/412
f 478/496/413 843/507/413 319/251/413 126/250/413
f 132/77/414 482/508/414 844/509/414 483/510/414
f 482/508/415 131/205/415 486/204/415 844/509/415
f 844/511/416 486/203/416 135/202/416 489/512/416
f 483/513/417 844/511/417 489/512/417 133/180/417
f 129/79/418 484/78/418 845/514/418 485/515/418
f 484/78/419 132/77/419 483/510/419 845/514/419
f 845/516/420 483/513/420 133/180/420 490/179/420
f 485/517/421 845/516/421 490/179/421 134/178/421
f 130/518/422 481/519/422 846/520/422 487/521/422
f 481/519/423 129/79/423 485/515/423 846/520/423
f 846/522/424 485/517/424 134/178/424 488/523/424
f 487/524/425 846/522/425 488/523/425 136/525/425
f 17/199/426 470/502/426 847/526/426 322/200/426
f 470/502/427 38/172/427 492/175/427 847/526/427
f 847/526/428 492/175/428 133/180/428 489/512/428
f 322/200/429 847/526/429 489/512/429 135/202/429
f 42/176/430 468/494/430 848/527/430 491/177/430
f 468/494/431 20/490/431 495/528/431 848/527/431
f 848/527/432 495/528/432 136/525/432 488/523/432
f 491/177/433 848/527/433 488/523/433 134/178/433
f 125/482/434 264/479/434 849/529/434 496/530/434
f 264/479/435 122/71/435 494/74/435 849/529/435
f 849/529/436 494/74/436 129/79/436 481/519/436
f 496/530/437 849/529/437 481/519/437 130/518/437
f 127/75/438 308/497/438 850/531/438 493/76/438
f 308/497/439 123/194/439 315/197/439 850/531/439
f 850/531/440 315/197/440 131/205/440 482/508/440
f 493/76/441 850/531/441 482/508/441 132/77/441
f 20/490/442 467/489/442 851/532/442 495/528/442
f 467/487/443 125/482/443 496/530/443 851/533/443
f 851/533/444 496/530/444 130/518/444 487/521/444
f 495/528/445 851/532/445 487/524/445 136/525/445
f 138/534/446 501/535/446 852/536/446 498/537/446
f 501/535/447 141/538/447 503/539/447 852/536/447
f 852/536/448 503/539/448 19/60/448 279/288/448
f 498/537/449 852/536/449 279/288/449 57/102/449
f 19/60/450 503/539/450 853/540/450 261/55/450
f 503/539/451 141/538/451 502/541/451 853/540/451
f 853/540/452 502/541/452 139/542/452 262/543/452
f 261/55/453 853/540/453 262/543/453 7/52/453
f 140/9/454 500/544/454 854/545/454 504/4/454
f 500/544/455 138/534/455 498/537/455 854/545/455
f 854/545/456 498/537/456 57/102/456 286/101/456
f 504/4/457 854/545/457 286/101/457 59/1/457
f 139/542/458 502/541/458 855/546/458 511/547/458
f 502/541/459 141/538/459 510/548/459 855/546/459
f 855/546/460 510/548/460 144/549/460 507/550/460
f 511/547/461 855/546/461 507/550/461 145/551/461
f 142/552/462 515/553/462 856/554/462 506/555/462
f 515/553/463 147/556/463 516/557/463 856/554/463
f 856/554/464 516/557/464 146/558/464 514/559/464
f 506/555/465 856/554/465 514/559/465 143/560/465
f 141/538/466 501/535/466 857/561/466 510/548/466
f 501/535/467 138/534/467 517/562/467 857/561/467
f 857/561/468 517/562/468 146/558/468 508/563/468
f 510/548/469 857/561/469 508/563/469 144/549/469
f 140/9/470 499/8/470 858/564/470 512/565/470
f 499/8/471 137/7/471 513/566/471 858/564/471
f 858/564/472 513/566/472 142/552/472 506/555/472
f 512/565/473 858/564/473 506/555/473 143/560/473
f 137/567/474 505/568/474 859/569/474 513/570/474
f 139/571/475 511/572/475 859/569/475 505/568/475
f 145/573/476 509/574/476 859/575/476 511/576/476
f 147/577/477 515/578/477 859/575/477 509/574/477
f 142/579/478 513/580/478 859/575/478 515/578/478
f 146/558/479 517/562/479 860/581/479 514/559/479
f 517/562/480 138/534/480 500/544/480 860/581/480
f 860/581/481 500/544/481 140/9/481 512/565/481
f 514/559/482 860/581/482 512/565/482 143/560/482
f 146/558/483 516/557/483 861/582/483 508/563/483
f 516/557/484 147/556/484 509/583/484 861/582/484
f 861/582/485 509/583/485 145/551/485 507/550/485
f 508/563/486 861/582/486 507/550/486 144/549/486
f 183/584/487 732/585/487 862/586/487 592/587/487
f 732/585/488 245/588/488 727/589/488 862/586/488
f 862/586/489 727/589/489 137/590/489 497/591/489
f 592/587/490 862/586/490 497/591/490 52/592/490
f 164/593/491 561/594/491 863/595/491 553/596/491
f 561/594/492 27/597/492 256/598/492 863/595/492
f 863/595/493 256/598/493 5/599/493 521/600/493
f 553/596/494 863/595/494 521/600/494 153/601/494
f 154/602/495 531/603/495 864/604/495 544/605/495
f 531/603/496 167/606/496 566/607/496 864/604/496
f 864/604/497 566/607/497 166/608/497 530/609/497
f 544/605/498 864/604/498 530/609/498 152/610/498
f 172/611/499 576/612/499 865/613/499 573/614/499
f 576/612/500 44/615/500 579/616/500 865/613/500
f 865/613/501 579/616/501 173/617/501 577/618/501
f 573/614/502 865/613/502 577/618/502 170/619/502
f 180/620/503 526/621/503 866/622/503 540/623/503
f 526/621/504 1/624/504 252/625/504 866/622/504
f 866/622/505 252/625/505 4/626/505 533/627/505
f 540/623/506 866/622/506 533/627/506 156/628/506
f 156/628/507 533/627/507 867/629/507 538/630/507
f 533/627/508 4/626/508 263/631/508 867/629/508
f 867/629/509 263/631/509 8/632/509 525/633/509
f 538/630/510 867/629/510 525/633/510 159/634/510
f 7/635/511 523/636/511 868/637/511 260/638/511
f 523/636/512 157/639/512 537/640/512 868/637/512
f 868/637/513 537/640/513 231/641/513 535/642/513
f 260/638/514 868/637/514 535/642/514 9/643/514
f 186/644/515 599/645/515 869/646/515 624/647/515
f 599/645/516 156/628/516 538/630/516 869/646/516
f 869/646/517 538/630/517 159/634/517 536/648/517
f 624/647/518 869/646/518 536/648/518 189/649/518
f 204/650/519 596/651/519 870/652/519 622/653/519
f 596/651/520 180/620/520 540/623/520 870/652/520
f 870/652/521 540/623/521 156/628/521 599/645/521
f 622/653/522 870/652/522 599/645/522 186/644/522
f 229/654/523 723/655/523 871/656/523 571/657/523
f 723/655/524 236/658/524 713/659/524 871/656/524
f 871/656/525 713/659/525 239/660/525 722/661/525
f 571/657/526 871/656/526 722/661/526 234/662/526
f 191/663/527 569/664/527 872/665/527 620/666/527
f 569/664/528 170/619/528 568/667/528 872/665/528
f 872/665/529 568/667/529 154/602/529 595/668/529
f 620/666/530 872/665/530 595/668/530 184/669/530
f 6/670/531 522/671/531 873/672/531 258/673/531
f 522/674/532 228/675/532 543/676/532 873/677/532
f 873/677/533 543/676/533 153/601/533 521/600/533
f 258/678/534 873/677/534 521/600/534 5/599/534
f 184/669/535 595/668/535 874/679/535 618/680/535
f 595/668/536 154/602/536 544/605/536 874/679/536
f 874/679/537 544/605/537 152/610/537 626/681/537
f 618/680/538 874/679/538 626/681/538 197/682/538
f 206/683/539 616/684/539 875/685/539 607/686/539
f 616/684/540 205/687/540 527/688/540 875/685/540
f 875/685/541 527/688/541 181/689/541 546/690/541
f 607/686/542 875/685/542 546/690/542 183/584/542
f 53/691/543 337/692/543 876/693/543 591/694/543
f 337/692/544 1/624/544 526/621/544 876/693/544
f 876/693/545 526/621/545 180/620/545 545/695/545
f 591/694/546 876/693/546 545/695/546 182/696/546
f 188/697/547 602/698/547 877/699/547 611/700/547
f 602/698/548 189/649/548 612/701/548 877/699/548
f 877/699/549 612/701/549 193/702/549 606/703/549
f 611/700/550 877/699/550 606/703/550 192/704/550
f 153/601/551 625/705/551 878/706/551 553/596/551
f 625/705/552 196/707/552 634/708/552 878/706/552
f 878/706/553 634/708/553 203/709/553 559/710/553
f 553/596/554 878/706/554 559/710/554 164/593/554
f 193/702/555 575/711/555 879/712/555 614/713/555
f 575/711/556 172/611/556 573/614/556 879/712/556
f 879/712/557 573/614/557 170/619/557 569/664/557
f 614/713/558 879/712/558 569/664/558 191/663/558
f 22/714/559 520/715/559 880/716/559 291/717/559
f 520/715/560 160/718/560 547/719/560 880/716/560
f 880/716/561 547/719/561 163/720/561 556/721/561
f 291/717/562 880/716/562 556/721/562 33/722/562
f 33/722/563 556/721/563 881/723/563 565/724/563
f 556/721/564 163/720/564 552/725/564 881/723/564
f 881/723/565 552/725/565 162/726/565 557/727/565
f 565/724/566 881/723/566 557/727/566 168/728/566
f 199/729/567 549/730/567 882/731/567 638/732/567
f 549/730/568 161/733/568 548/734/568 882/731/568
f 882/731/569 548/734/569 165/735/569 558/736/569
f 638/732/570 882/731/570 558/736/570 201/737/570
f 201/737/571 558/736/571 883/738/571 636/739/571
f 558/736/572 165/735/572 554/740/572 883/738/572
f 883/738/573 554/740/573 164/593/573 559/710/573
f 636/739/574 883/738/574 559/710/574 203/709/574
f 161/733/575 550/741/575 884/742/575 548/734/575
f 550/741/576 23/743/576 292/744/576 884/742/576
f 884/742/577 292/744/577 26/745/577 560/746/577
f 548/734/578 884/742/578 560/746/578 165/735/578
f 165/735/579 560/746/579 885/747/579 554/740/579
f 560/746/580 26/745/580 293/748/580 885/747/580
f 885/747/581 293/748/581 27/597/581 561/594/581
f 554/740/582 885/747/582 561/594/582 164/593/582
f 167/606/583 555/749/583 886/750/583 566/607/583
f 555/749/584 175/751/584 584/752/584 886/750/584
f 886/750/585 584/752/585 174/753/585 587/754/585
f 566/607/586 886/750/586 587/754/586 166/608/586
f 168/728/587 557/727/587 887/755/587 564/756/587
f 557/727/588 162/726/588 551/757/588 887/755/588
f 887/755/589 551/757/589 152/610/589 530/609/589
f 564/756/590 887/755/590 530/609/590 166/608/590
f 169/758/591 721/759/591 888/760/591 701/761/591
f 721/759/592 240/762/592 719/763/592 888/760/592
f 888/760/593 719/763/593 241/764/593 720/765/593
f 701/761/594 888/760/594 720/765/594 171/766/594
f 173/617/595 519/767/595 889/768/595 578/769/595
f 519/767/596 177/770/596 585/771/596 889/768/596
f 889/768/597 585/771/597 175/751/597 555/749/597
f 578/769/598 889/768/598 555/749/598 167/606/598
f 46/772/599 317/773/599 890/774/599 580/775/599
f 317/773/600 47/776/600 583/777/600 890/774/600
f 890/774/601 583/777/601 176/778/601 582/779/601
f 580/775/602 890/774/602 582/779/602 174/753/602
f 230/780/603 570/781/603 891/782/603 697/783/603
f 570/781/604 238/784/604 715/785/604 891/782/604
f 891/786/605 715/787/605 242/788/605 574/789/605
f 697/783/606 891/782/606 574/790/606 155/791/606
f 189/649/607 536/648/607 892/792/607 612/701/607
f 536/648/608 159/634/608 542/793/608 892/792/608
f 892/792/609 542/793/609 172/611/609 575/711/609
f 612/701/610 892/792/610 575/711/610 193/702/610
f 159/634/611 525/633/611 893/794/611 542/793/611
f 525/633/612 8/632/612 321/795/612 893/794/612
f 893/794/613 321/795/613 44/615/613 576/612/613
f 542/793/614 893/794/614 576/612/614 172/611/614
f 168/728/615 562/796/615 894/797/615 565/724/615
f 562/796/616 176/778/616 583/777/616 894/797/616
f 894/797/617 583/777/617 47/776/617 307/798/617
f 565/724/618 894/797/618 307/798/618 33/722/618
f 167/606/619 531/603/619 895/799/619 578/769/619
f 531/603/620 154/602/620 568/667/620 895/799/620
f 895/799/621 568/667/621 170/619/621 577/618/621
f 578/769/622 895/799/622 577/618/622 173/617/622
f 175/751/623 581/800/623 896/801/623 584/752/623
f 581/800/624 32/802/624 298/803/624 896/801/624
f 896/801/625 298/803/625 46/772/625 580/775/625
f 584/752/626 896/801/626 580/775/626 174/753/626
f 177/770/627 586/804/627 897/805/627 585/771/627
f 586/804/628 40/806/628 316/807/628 897/805/628
f 897/805/629 316/807/629 32/802/629 581/800/629
f 585/771/630 897/805/630 581/800/630 175/751/630
f 166/608/631 587/754/631 898/808/631 564/756/631
f 587/754/632 174/753/632 582/779/632 898/808/632
f 898/808/633 582/779/633 176/778/633 562/796/633
f 564/756/634 898/808/634 562/796/634 168/728/634
f 44/615/635 253/809/635 899/810/635 579/616/635
f 253/809/636 40/806/636 586/804/636 899/810/636
f 899/810/637 586/804/637 177/770/637 519/767/637
f 579/616/638 899/810/638 519/767/638 173/617/638
f 179/811/639 610/812/639 900/813/639 529/814/639
f 610/812/640 206/683/640 607/686/640 900/813/640
f 900/813/641 607/686/641 183/584/641 589/815/641
f 529/814/642 900/813/642 589/815/642 151/816/642
f 3/817/643 250/818/643 901/819/643 528/820/643
f 250/818/644 53/691/644 591/694/644 901/819/644
f 901/819/645 591/694/645 182/696/645 588/821/645
f 528/820/646 901/819/646 588/821/646 150/822/646
f 151/816/647 589/815/647 902/823/647 518/824/647
f 589/815/648 183/584/648 592/587/648 902/823/648
f 902/823/649 592/587/649 52/592/649 336/825/649
f 518/824/650 902/823/650 336/825/650 2/826/650
f 150/822/651 588/821/651 903/827/651 593/828/651
f 588/821/652 182/696/652 590/829/652 903/827/652
f 903/827/653 590/829/653 207/830/653 609/831/653
f 593/828/654 903/827/654 609/831/654 178/832/654
f 178/832/655 609/831/655 904/833/655 598/834/655
f 609/831/656 207/830/656 608/835/656 904/833/656
f 904/833/657 608/835/657 206/683/657 610/812/657
f 598/834/658 904/833/658 610/812/658 179/811/658
f 233/836/659 605/837/659 905/838/659 572/839/659
f 605/837/660 192/704/660 613/840/660 905/838/660
f 905/838/661 613/840/661 190/841/661 603/842/661
f 572/839/662 905/838/662 603/842/662 235/843/662
f 231/641/663 601/844/663 906/845/663 541/846/663
f 601/844/664 188/697/664 611/700/664 906/845/664
f 906/845/665 611/700/665 192/704/665 605/837/665
f 541/846/666 906/845/666 605/837/666 233/836/666
f 192/704/667 606/703/667 907/847/667 613/840/667
f 606/703/668 193/702/668 614/713/668 907/847/668
f 907/847/669 614/713/669 191/663/669 604/848/669
f 613/840/670 907/847/670 604/848/670 190/841/670
f 182/696/671 545/695/671 908/849/671 590/829/671
f 545/695/672 180/620/672 596/651/672 908/849/672
f 908/849/673 596/651/673 204/650/673 615/850/673
f 590/829/674 908/849/674 615/850/674 207/830/674
f 148/851/675 666/852/675 909/853/675 642/854/675
f 666/852/676 212/855/676 663/856/676 909/853/676
f 909/857/677 663/858/677 215/859/677 665/860/677
f 642/861/678 909/857/678 665/860/678 195/862/678
f 228/675/679 532/863/679 910/864/679 543/676/679
f 532/863/680 185/865/680 617/866/680 910/864/680
f 910/864/681 617/866/681 196/707/681 625/705/681
f 543/676/682 910/864/682 625/705/682 153/601/682
f 185/865/683 594/867/683 911/868/683 617/866/683
f 594/867/684 184/669/684 618/680/684 911/868/684
f 911/868/685 618/680/685 197/682/685 627/869/685
f 617/866/686 911/868/686 627/869/686 196/707/686
f 235/843/687 603/842/687 912/870/687 567/871/687
f 603/842/688 190/841/688 619/872/688 912/870/688
f 912/870/689 619/872/689 185/865/689 532/863/689
f 567/871/690 912/870/690 532/863/690 228/675/690
f 190/841/691 604/848/691 913/873/691 619/872/691
f 604/848/692 191/663/692 620/666/692 913/873/692
f 913/873/693 620/666/693 184/669/693 594/867/693
f 619/872/694 913/873/694 594/867/694 185/865/694
f 181/689/695 527/688/695 914/874/695 539/875/695
f 527/688/696 205/687/696 621/876/696 914/874/696
f 914/874/697 621/876/697 187/877/697 534/878/697
f 539/875/698 914/874/698 534/878/698 157/639/698
f 205/687/699 597/879/699 915/880/699 621/876/699
f 597/879/700 204/650/700 622/653/700 915/880/700
f 915/880/701 622/653/701 186/644/701 600/881/701
f 621/876/702 915/880/702 600/881/702 187/877/702
f 157/639/703 534/878/703 916/882/703 537/640/703
f 534/878/704 187/877/704 623/883/704 916/882/704
f 916/882/705 623/883/705 188/697/705 601/844/705
f 537/640/706 916/882/706 601/844/706 231/641/706
f 187/877/707 600/881/707 917/884/707 623/883/707
f 600/881/708 186/644/708 624/647/708 917/884/708
f 917/884/709 624/647/709 189/649/709 602/698/709
f 623/883/710 917/884/710 602/698/710 188/697/710
f 196/707/711 627/869/711 918/885/711 634/708/711
f 627/869/712 197/682/712 639/886/712 918/885/712
f 918/885/713 639/886/713 202/887/713 633/888/713
f 634/708/714 918/885/714 633/888/714 203/709/714
f 197/682/715 626/681/715 919/889/715 639/886/715
f 626/681/716 152/610/716 551/757/716 919/889/716
f 919/889/717 551/757/717 162/726/717 632/890/717
f 639/886/718 919/889/718 632/890/718 202/887/718
f 163/720/719 630/891/719 920/892/719 552/725/719
f 630/891/720 200/893/720 635/894/720 920/892/720
f 920/892/721 635/894/721 202/887/721 632/890/721
f 552/725/722 920/892/722 632/890/722 162/726/722
f 200/893/723 631/895/723 921/896/723 635/894/723
f 631/895/724 201/737/724 636/739/724 921/896/724
f 921/896/725 636/739/725 203/709/725 633/888/725
f 635/894/726 921/896/726 633/888/726 202/887/726
f 160/718/727 628/897/727 922/898/727 547/719/727
f 628/897/728 198/899/728 637/900/728 922/898/728
f 922/898/729 637/900/729 200/893/729 630/891/729
f 547/719/730 922/898/730 630/891/730 163/720/730
f 198/899/731 629/901/731 923/902/731 637/900/731
f 629/901/732 199/729/732 638/732/732 923/902/732
f 923/902/733 638/732/733 201/737/733 631/895/733
f 637/900/734 923/902/734 631/895/734 200/893/734
f 148/851/735 644/903/735 924/904/735 640/905/735
f 644/906/736 204/650/736 597/879/736 924/907/736
f 924/907/737 597/879/737 205/687/737 645/908/737
f 640/905/738 924/904/738 645/909/738 149/910/738
f 194/911/739 646/912/739 925/913/739 641/914/739
f 646/915/740 206/683/740 608/835/740 925/916/740
f 925/916/741 608/835/741 207/830/741 647/917/741
f 641/914/742 925/913/742 647/918/742 195/862/742
f 195/862/743 647/918/743 926/919/743 642/861/743
f 647/917/744 207/830/744 615/850/744 926/920/744
f 926/920/745 615/850/745 204/650/745 644/906/745
f 642/854/746 926/921/746 644/903/746 148/851/746
f 149/910/747 645/909/747 927/922/747 643/923/747
f 645/908/748 205/687/748 616/684/748 927/924/748
f 927/924/749 616/684/749 206/683/749 646/915/749
f 643/925/750 927/926/750 646/912/750 194/911/750
f 161/733/751 650/927/751 928/928/751 550/741/751
f 650/927/752 208/929/752 649/930/752 928/928/752
f 928/928/753 649/930/753 84/931/753 401/932/753
f 550/741/754 928/928/754 401/932/754 23/743/754
f 199/729/755 651/933/755 929/934/755 549/730/755
f 651/933/756 209/935/756 648/936/756 929/934/756
f 929/934/757 648/936/757 208/929/757 650/927/757
f 549/730/758 929/934/758 650/927/758 161/733/758
f 160/718/759 654/937/759 930/938/759 628/897/759
f 654/937/760 210/939/760 653/940/760 930/938/760
f 930/938/761 653/940/761 211/941/761 655/942/761
f 628/897/762 930/938/762 655/942/762 198/899/762
f 22/714/763 407/943/763 931/944/763 520/715/763
f 407/943/764 87/945/764 652/946/764 931/944/764
f 931/944/765 652/946/765 210/939/765 654/937/765
f 520/715/766 931/944/766 654/937/766 160/718/766
f 198/899/767 655/942/767 932/947/767 629/901/767
f 655/942/768 211/941/768 656/948/768 932/947/768
f 932/947/769 656/948/769 209/935/769 651/933/769
f 629/901/770 932/947/770 651/933/770 199/729/770
f 87/945/771 410/949/771 933/950/771 652/946/771
f 410/949/772 90/951/772 409/952/772 933/950/772
f 933/950/773 409/952/773 91/953/773 657/954/773
f 652/946/774 933/950/774 657/954/774 210/939/774
f 208/929/775 658/955/775 934/956/775 649/930/775
f 658/955/776 93/957/776 412/958/776 934/956/776
f 934/956/777 412/958/777 92/959/777 414/960/777
f 649/930/778 934/956/778 414/960/778 84/931/778
f 94/961/779 416/962/779 935/963/779 659/964/779
f 416/962/780 93/957/780 658/955/780 935/963/780
f 935/963/781 658/955/781 208/929/781 648/936/781
f 659/964/782 935/963/782 648/936/782 209/935/782
f 211/941/783 660/965/783 936/966/783 656/948/783
f 660/965/784 95/967/784 418/968/784 936/966/784
f 936/966/785 418/968/785 94/961/785 659/964/785
f 656/948/786 936/966/786 659/964/786 209/935/786
f 211/941/787 653/940/787 937/969/787 660/965/787
f 653/940/788 210/939/788 657/954/788 937/969/788
f 937/969/789 657/954/789 91/953/789 419/970/789
f 660/965/790 937/969/790 419/970/790 95/967/790
f 215/859/791 663/858/791 938/971/791 662/972/791
f 663/856/792 212/855/792 661/973/792 938/974/792
f 938/974/793 661/973/793 213/975/793 664/976/793
f 662/972/794 938/971/794 664/977/794 214/978/794
f 149/910/795 667/979/795 939/980/795 640/905/795
f 667/979/796 213/975/796 661/973/796 939/980/796
f 939/980/797 661/973/797 212/855/797 666/852/797
f 640/905/798 939/980/798 666/852/798 148/851/798
f 194/911/799 668/981/799 940/982/799 643/925/799
f 668/981/800 214/978/800 664/977/800 940/982/800
f 940/983/801 664/976/801 213/975/801 667/979/801
f 643/923/802 940/983/802 667/979/802 149/910/802
f 195/862/803 665/860/803 941/984/803 641/914/803
f 665/860/804 215/859/804 662/972/804 941/984/804
f 941/984/805 662/972/805 214/978/805 668/981/805
f 641/914/806 941/984/806 668/981/806 194/911/806
f 113/985/807 450/986/807 942/987/807 694/988/807
f 450/986/808 100/989/808 669/990/808 942/987/808
f 942/987/809 669/990/809 217/991/809 673/992/809
f 694/988/810 942/987/810 673/992/810 224/993/810
f 225/994/811 687/995/811 943/996/811 693/997/811
f 687/995/812 219/998/812 672/999/812 943/996/812
f 943/996/813 672/999/813 1012/1000/813 1014/1001/813
f 693/997/814 943/996/814 1014/1001/814 1013/1002/814
f 224/993/815 673/992/815 944/1003/815 692/1004/815
f 673/992/816 217/991/816 670/1005/816 944/1003/816
f 944/1003/817 670/1005/817 219/998/817 687/995/817
f 692/1004/818 944/1003/818 687/995/818 225/994/818
f 454/420/333 101/420/333 1026/420/333 1019/420/333
f 675/420/333 218/420/333 1031/420/333 1022/420/333
f 103/420/333 435/420/333 1021/420/333 1027/420/333
f 226/420/333 675/420/333 1022/420/333 1032/420/333
f 223/1006/819 683/1007/819 945/1008/819 685/1009/819
f 683/1007/820 106/1010/820 438/1011/820 945/1008/820
f 945/1008/821 438/1011/821 107/1012/821 677/1013/821
f 685/1009/822 945/1008/822 677/1013/822 222/1014/822
f 112/1015/823 447/1016/823 946/1017/823 684/1018/823
f 447/1016/824 105/1019/824 437/1020/824 946/1017/824
f 946/1017/825 437/1020/825 106/1010/825 683/1007/825
f 684/1018/826 946/1017/826 683/1007/826 223/1006/826
f 1012/1000/827 680/1021/827 947/1022/827 1011/1023/827
f 680/1021/828 221/1024/828 679/1025/828 947/1022/828
f 947/1022/829 679/1025/829 220/1026/829 681/1027/829
f 1011/1023/830 947/1022/830 681/1027/830 1010/1028/830
f 100/989/831 441/1029/831 948/1030/831 669/990/831
f 441/1029/832 112/1015/832 684/1018/832 948/1030/832
f 948/1030/833 684/1018/833 223/1006/833 678/1031/833
f 669/990/834 948/1030/834 678/1031/834 217/991/834
f 217/991/835 678/1031/835 949/1032/835 670/1005/835
f 678/1031/836 223/1006/836 685/1009/836 949/1032/836
f 949/1032/837 685/1009/837 222/1014/837 682/1033/837
f 670/1005/838 949/1032/838 682/1033/838 219/998/838
f 178/832/839 688/1034/839 950/1035/839 593/828/839
f 688/1034/840 1013/1002/840 1017/1036/840 950/1035/840
f 950/1035/841 1017/1036/841 1016/1037/841 676/1038/841
f 593/828/842 950/1035/842 676/1038/842 150/822/842
f 150/822/843 676/1038/843 951/1039/843 528/820/843
f 676/1038/844 1016/1037/844 691/1040/844 951/1039/844
f 951/1039/845 691/1040/845 118/1041/845 455/1042/845
f 528/820/846 951/1039/846 455/1042/846 3/817/846
f 151/816/847 686/1043/847 952/1044/847 529/814/847
f 686/1043/848 224/993/848 692/1004/848 952/1044/848
f 952/1044/849 692/1004/849 225/994/849 674/1045/849
f 529/814/850 952/1044/850 674/1045/850 179/811/850
f 179/811/851 674/1045/851 953/1046/851 598/834/851
f 674/1045/852 225/994/852 693/997/852 953/1046/852
f 953/1046/853 693/997/853 1013/1002/853 688/1034/853
f 598/834/854 953/1046/854 688/1034/854 178/832/854
f 2/826/855 432/1047/855 954/1048/855 518/824/855
f 432/1047/856 113/985/856 694/988/856 954/1048/856
f 954/1048/857 694/988/857 224/993/857 686/1043/857
f 518/824/858 954/1048/858 686/1043/858 151/816/858
f 119/1049/859 461/1050/859 955/1051/859 695/1052/859
f 461/1050/860 118/1041/860 691/1040/860 955/1051/860
f 955/1051/861 691/1040/861 1016/1037/861 1015/1053/861
f 695/1052/862 955/1051/862 1015/1053/862 1010/1028/862
f 220/1026/863 696/1054/863 956/1055/863 681/1027/863
f 696/1054/864 120/1056/864 463/1057/864 956/1055/864
f 956/1055/865 463/1057/865 119/1049/865 695/1052/865
f 681/1027/866 956/1055/866 695/1052/866 1010/1028/866
f 155/1058/867 702/1059/867 957/1060/867 697/1061/867
f 702/1059/868 228/675/868 522/674/868 957/1060/868
f 957/1062/869 522/671/869 6/670/869 703/1063/869
f 697/783/870 957/1062/870 703/1063/870 230/780/870
f 229/654/871 704/1064/871 958/1065/871 524/1066/871
f 704/1064/872 41/1067/872 466/1068/872 958/1065/872
f 958/1065/873 466/1068/873 9/1069/873 705/1070/873
f 524/1066/874 958/1065/874 705/1070/874 232/1071/874
f 232/1071/875 705/1070/875 959/1072/875 698/1073/875
f 705/1074/876 9/643/876 535/642/876 959/1075/876
f 959/1075/877 535/642/877 231/641/877 706/1076/877
f 698/1077/878 959/1075/878 706/1076/878 158/1078/878
f 158/1078/879 706/1076/879 960/1079/879 699/1080/879
f 706/1076/880 231/641/880 541/846/880 960/1079/880
f 960/1079/881 541/846/881 233/836/881 707/1081/881
f 699/1080/882 960/1079/882 707/1081/882 171/766/882
f 230/780/883 703/1063/883 961/1082/883 563/1083/883
f 703/1063/884 6/670/884 469/1084/884 961/1082/884
f 961/1082/885 469/1084/885 37/1085/885 708/1086/885
f 563/1083/886 961/1082/886 708/1086/886 234/662/886
f 169/758/887 709/1087/887 962/1088/887 700/1089/887
f 709/1087/888 235/843/888 567/871/888 962/1088/888
f 962/1088/889 567/871/889 228/675/889 702/1059/889
f 700/1089/890 962/1088/890 702/1059/890 155/1058/890
f 234/662/891 708/1086/891 963/1090/891 571/657/891
f 708/1086/892 37/1085/892 471/1091/892 963/1090/892
f 963/1090/893 471/1091/893 41/1067/893 704/1064/893
f 571/657/894 963/1090/894 704/1064/894 229/654/894
f 171/766/895 707/1081/895 964/1092/895 701/761/895
f 707/1081/896 233/836/896 572/839/896 964/1092/896
f 964/1092/897 572/839/897 235/843/897 709/1087/897
f 701/761/898 964/1092/898 709/1087/898 169/758/898
f 239/660/899 712/1093/899 965/1094/899 711/1095/899
f 712/1096/900 240/762/900 718/1097/900 965/1098/900
f 965/1098/901 718/1097/901 242/788/901 715/787/901
f 711/1095/902 965/1094/902 715/785/902 238/784/902
f 236/658/903 714/1099/903 966/1100/903 713/659/903
f 714/1101/904 241/764/904 719/763/904 966/1102/904
f 966/1102/905 719/763/905 240/762/905 712/1096/905
f 713/659/906 966/1100/906 712/1093/906 239/660/906
f 237/1103/907 716/1104/907 967/1105/907 710/1106/907
f 716/1107/908 243/1108/908 717/1109/908 967/1110/908
f 967/1110/909 717/1109/909 241/764/909 714/1101/909
f 710/1106/910 967/1105/910 714/1099/910 236/658/910
f 155/1058/911 574/789/911 968/1111/911 700/1089/911
f 574/789/912 242/788/912 718/1097/912 968/1111/912
f 968/1111/913 718/1097/913 240/762/913 721/759/913
f 700/1089/914 968/1111/914 721/759/914 169/758/914
f 171/766/915 720/765/915 969/1112/915 699/1080/915
f 720/765/916 241/764/916 717/1109/916 969/1112/916
f 969/1112/917 717/1109/917 243/1108/917 724/1113/917
f 699/1080/918 969/1112/918 724/1113/918 158/1078/918
f 232/1071/919 725/1114/919 970/1115/919 524/1066/919
f 725/1114/920 237/1103/920 710/1106/920 970/1115/920
f 970/1115/921 710/1106/921 236/658/921 723/655/921
f 524/1066/922 970/1115/922 723/655/922 229/654/922
f 234/662/923 722/661/923 971/1116/923 563/1083/923
f 722/661/924 239/660/924 711/1095/924 971/1116/924
f 971/1116/925 711/1095/925 238/784/925 570/781/925
f 563/1083/926 971/1116/926 570/781/926 230/780/926
f 158/1078/927 724/1113/927 972/1117/927 698/1077/927
f 724/1113/928 243/1108/928 716/1107/928 972/1117/928
f 972/1118/929 716/1104/929 237/1103/929 725/1114/929
f 698/1073/930 972/1118/930 725/1114/930 232/1071/930
f 244/1119/931 726/1120/931 973/1121/931 729/1122/931
f 726/1120/932 181/689/932 539/875/932 973/1121/932
f 973/1121/933 539/875/933 157/639/933 731/1123/933
f 729/1122/934 973/1121/934 731/1123/934 246/1124/934
f 157/639/935 523/636/935 974/1125/935 731/1123/935
f 523/636/936 7/635/936 262/1126/936 974/1125/936
f 974/1125/937 262/1126/937 139/1127/937 730/1128/937
f 731/1123/938 974/1125/938 730/1128/938 246/1124/938
f 245/588/939 732/585/939 975/1129/939 728/1130/939
f 732/585/940 183/584/940 546/690/940 975/1129/940
f 975/1129/941 546/690/941 181/689/941 726/1120/941
f 728/1130/942 975/1129/942 726/1120/942 244/1119/942
f 139/1127/943 511/576/943 976/1131/943 730/1128/943
f 511/576/944 145/573/944 734/1132/944 976/1131/944
f 976/1131/945 734/1132/945 248/1133/945 736/1134/945
f 730/1128/946 976/1131/946 736/1134/946 246/1124/946
f 142/579/947 733/1135/947 977/1136/947 515/578/947
f 733/1135/948 247/1137/948 738/1138/948 977/1136/948
f 977/1136/949 738/1138/949 249/1139/949 739/1140/949
f 515/578/950 977/1136/950 739/1140/950 147/577/950
f 246/1124/951 736/1134/951 978/1141/951 729/1122/951
f 736/1134/952 248/1133/952 735/1142/952 978/1141/952
f 978/1141/953 735/1142/953 249/1139/953 740/1143/953
f 729/1122/954 978/1141/954 740/1143/954 244/1119/954
f 245/588/955 737/1144/955 979/1145/955 727/589/955
f 737/1144/956 247/1137/956 733/1135/956 979/1145/956
f 979/1145/957 733/1135/957 142/579/957 513/580/957
f 727/589/958 979/1145/958 513/580/958 137/590/958
f 249/1139/959 738/1138/959 980/1146/959 740/1143/959
f 738/1138/960 247/1137/960 737/1144/960 980/1146/960
f 980/1146/961 737/1144/961 245/588/961 728/1130/961
f 740/1143/962 980/1146/962 728/1130/962 244/1119/962
f 249/1139/963 735/1142/963 981/1147/963 739/1140/963
f 735/1142/964 248/1133/964 734/1132/964 981/1147/964
f 981/1147/965 734/1132/965 145/573/965 509/574/965
f 739/1140/966 981/1147/966 509/574/966 147/577/966
f 677/1148/967 107/1149/967 984/1150/967
f 219/1151/968 682/1152/968 985/1153/968 982/1154/968
f 110/1155/969 445/1156/969 985/1153/969 983/1157/969
f 439/1158/970 110/1155/970 983/1157/970 984/1159/970
f 682/1160/971 222/1161/971 983/1162/971 985/1163/971
f 222/1161/972 677/1148/972 984/1150/972 983/1162/972
f 107/1164/973 439/1158/973 984/1159/973
f 445/1156/974 104/1165/974 982/1154/974 985/1153/974
f 696/1166/975 220/1167/975 993/1168/975 994/1169/975
f 679/1170/976 221/1171/976 988/1172/976 998/1173/976
f 672/1174/977 219/1175/977 987/1176/977 996/1177/977
f 1004/1178/978 443/1179/978 1000/1180/978 990/1181/978
f 431/1182/979 1004/1178/979 990/1181/979 997/1183/979
f 442/1184/980 108/1185/980 992/1186/980 999/1187/980
f 443/1179/981 109/1188/981 989/1189/981 1000/1180/981
f 1012/1190/982 672/1191/982 996/1192/982 991/1193/982
f 221/1171/983 680/1194/983 1001/1195/983 988/1172/983
f 109/1188/984 442/1184/984 999/1187/984 989/1189/984
f 120/1196/985 696/1197/985 994/1198/985 995/1199/985 464/1200/985
f 464/1200/986 995/1199/986 992/1186/986 108/1185/986
f 220/1167/987 679/1201/987 998/1202/987 993/1168/987
f 680/1203/988 1012/1204/988 991/1205/988 1001/1206/988
f 991/1205/989 996/1177/989 997/1183/989 990/1181/989
f 993/1207/990 998/1208/990 999/1187/990 992/1186/990
f 990/1181/991 1000/1180/991 1001/1206/991 991/1205/991
f 996/1177/992 987/1176/992 986/1209/992 997/1183/992
f 998/1208/993 988/1210/993 989/1189/993 999/1187/993
f 1000/1180/994 989/1189/994 988/1210/994 1001/1206/994
f 992/1186/995 995/1199/995 994/1198/995 993/1207/995
f 104/1211/996 431/1182/996 997/1183/996 986/1209/996
f 430/1212/997 101/1213/997 1002/439/997 1003/436/997
f 103/1214/998 430/1212/998 1003/436/998 1004/414/998
f 116/1215/999 435/1216/999 1006/413/999 1005/412/999
f 435/1216/1000 103/1214/1000 1004/414/1000 1006/413/1000
f 101/1213/1001 454/1217/1001 1007/468/1001 1002/439/1001
f 454/1217/1002 117/1218/1002 1008/452/1002 1007/468/1002
f 117/1218/1003 456/1219/1003 1009/453/1003 1008/452/1003
f 456/1219/1004 116/1215/1004 1005/412/1004 1009/453/1004
f 216/1220/1005 671/1221/1005 1011/1023/1005 1010/1028/1005
f 671/1221/1006 218/1222/1006 1012/1000/1006 1011/1023/1006
f 675/1223/1007 226/1224/1007 1013/1002/1007 1014/1001/1007
f 218/1222/1008 675/1223/1008 1014/1001/1008 1012/1000/1008
f 689/1225/1009 216/1220/1009 1010/1028/1009 1015/1053/1009
f 227/1226/1010 689/1225/1010 1015/1053/1010 1016/1037/1010
f 690/1227/1011 227/1226/1011 1016/1037/1011 1017/1036/1011
f 226/1224/1012 690/1227/1012 1017/1036/1012 1013/1002/1012
f 1019/1228/1013 1026/1229/1013 1043/1230/1013 1036/1231/1013
f 1018/1232/1014 1029/1233/1014 1049/1234/1014 1034/1235/1014
f 1020/1236/1015 1027/1237/1015 1045/1238/1015 1044/1239/1015
f 1027/1237/1016 1021/1240/1016 1047/1241/1016 1045/1238/1016
f 1022/1242/1017 1031/1243/1017 1094/1244/1017 1083/1245/1017
f 1024/1246/1018 1033/1247/1018 1098/1248/1018 1086/1249/1018
f 1025/1250/1019 1032/1251/1019 1095/1252/1019 1099/1253/1019
f 1023/1254/1020 1030/1255/1020 1092/1256/1020 1093/1257/1020
f 227/420/1021 690/420/1021 1025/420/1021 1033/420/1021
f 116/420/333 456/420/333 1018/420/333 1028/420/333
f 101/420/333 430/420/333 1020/420/333 1026/420/333
f 690/420/1022 226/420/1022 1032/420/1022 1025/420/1022
f 671/420/333 216/420/333 1030/420/333 1023/420/333
f 430/420/333 103/420/333 1027/420/333 1020/420/333
f 218/420/333 671/420/333 1023/420/333 1031/420/333
f 435/420/333 116/420/333 1028/420/333 1021/420/333
f 1040/420/333 1038/420/333 1055/420/333 1057/420/333
f 1042/420/333 1048/420/333 1053/420/333 1059/420/333
f 1041/420/333 1050/420/333 1051/420/333 1058/420/333
f 1039/420/333 1037/420/333 1054/420/333 1056/420/333
f 1021/1240/1023 1028/1258/1023 1046/1259/1023 1047/1241/1023
f 1026/1229/1024 1020/1236/1024 1044/1239/1024 1043/1230/1024
f 1028/1258/1025 1018/1232/1025 1034/1235/1025 1046/1259/1025
f 1029/1233/1026 1019/1228/1026 1036/1231/1026 1049/1234/1026
f 1037/1260/1027 1039/1261/1027 1043/1230/1027 1044/1239/1027
f 1040/1262/1028 1037/1260/1028 1044/1239/1028 1045/1238/1028
f 1041/1263/1029 1038/1264/1029 1047/1241/1029 1046/1259/1029
f 1038/1264/1030 1040/1262/1030 1045/1238/1030 1047/1241/1030
f 1039/1261/1031 1048/1265/1031 1036/1231/1031 1043/1230/1031
f 1048/1265/1032 1042/1266/1032 1049/1234/1032 1036/1231/1032
f 1042/1266/1033 1050/1267/1033 1034/1235/1033 1049/1234/1033
f 1050/1267/1034 1041/1263/1034 1046/1259/1034 1034/1235/1034
f 1059/1261/1035 1053/1260/1035 1061/1268/1035 1067/1269/1035
f 1058/1266/1036 1051/1265/1036 1035/1270/1036 1066/1271/1036
f 1056/1262/1037 1054/1264/1037 1062/1272/1037 1064/1273/1037
f 1055/1267/1038 1058/1266/1038 1066/1271/1038 1063/1274/1038
f 1037/420/333 1040/420/333 1057/420/333 1054/420/333
f 1050/420/333 1042/420/333 1059/420/333 1051/420/333
f 1048/420/333 1039/420/333 1056/420/333 1053/420/333
f 1038/420/333 1041/420/333 1058/420/333 1055/420/333
f 1064/1273/1039 1062/1272/1039 1069/1275/1039 1071/1276/1039
f 1063/1274/1040 1066/1271/1040 1073/1277/1040 1070/1278/1040
f 1061/1268/1041 1064/1273/1041 1071/1276/1041 1068/1279/1041
f 1035/1270/1042 1067/1269/1042 1074/1280/1042 1052/1281/1042
f 1057/1263/1043 1055/1267/1043 1063/1274/1043 1065/1282/1043
f 1054/1264/1044 1057/1263/1044 1065/1282/1044 1062/1272/1044
f 1051/1265/1045 1059/1261/1045 1067/1269/1045 1035/1270/1045
f 1053/1260/1046 1056/1262/1046 1064/1273/1046 1061/1268/1046
f 1068/1279/1047 1071/1276/1047 1079/1283/1047 1076/1284/1047
f 1052/1281/1048 1074/1280/1048 1082/1285/1048 1060/1286/1048
f 1069/1275/1049 1072/1287/1049 1080/1288/1049 1077/1289/1049
f 1072/1287/1050 1070/1278/1050 1078/1290/1050 1080/1288/1050
f 1066/1271/1051 1035/1270/1051 1052/1281/1051 1073/1277/1051
f 1067/1269/1052 1061/1268/1052 1068/1279/1052 1074/1280/1052
f 1065/1282/1053 1063/1274/1053 1070/1278/1053 1072/1287/1053
f 1062/1272/1054 1065/1282/1054 1072/1287/1054 1069/1275/1054
f 1081/1291/1055 1060/1286/1055 1075/1292/1055 1078/1290/1055
f 1060/1286/1056 1082/1285/1056 1076/1284/1056 1075/1292/1056
f 1075/1292/1057 1076/1284/1057 1079/1283/1057 1077/1289/1057
f 1078/1290/1058 1075/1292/1058 1077/1289/1058 1080/1288/1058
f 1070/1278/1059 1073/1277/1059 1081/1291/1059 1078/1290/1059
f 1071/1276/1060 1069/1275/1060 1077/1289/1060 1079/1283/1060
f 1073/1277/1061 1052/1281/1061 1060/1286/1061 1081/1291/1061
f 1074/1280/1062 1068/1279/1062 1076/1284/1062 1082/1285/1062
f 1085/1293/1063 1088/1294/1063 1105/1295/1063 1102/1296/1063
f 1090/1297/1064 1096/1298/1064 1100/1299/1064 1107/1300/1064
f 1088/1294/1065 1097/1301/1065 1103/1302/1065 1105/1295/1065
f 1091/1303/1066 1087/1304/1066 1104/1305/1066 1108/1306/1066
f 1031/1243/1067 1023/1254/1067 1093/1257/1067 1094/1244/1067
f 1033/1247/1068 1025/1250/1068 1099/1253/1068 1098/1248/1068
f 1030/1255/1069 1024/1246/1069 1086/1249/1069 1092/1256/1069
f 1032/1251/1070 1022/1242/1070 1083/1245/1070 1095/1252/1070
f 1088/1294/1071 1085/1293/1071 1093/1257/1071 1092/1256/1071
f 1085/1293/1072 1089/1307/1072 1094/1244/1072 1093/1257/1072
f 1096/1298/1073 1090/1297/1073 1095/1252/1073 1083/1245/1073
f 1089/1307/1074 1096/1298/1074 1083/1245/1074 1094/1244/1074
f 1097/1301/1075 1088/1294/1075 1092/1256/1075 1086/1249/1075
f 1091/1303/1076 1097/1301/1076 1086/1249/1076 1098/1248/1076
f 1087/1304/1077 1091/1303/1077 1098/1248/1077 1099/1253/1077
f 1090/1297/1078 1087/1304/1078 1099/1253/1078 1095/1252/1078
f 1107/1300/1079 1100/1299/1079 1084/1308/1079 1114/1309/1079
f 1105/1295/1080 1103/1302/1080 1110/1310/1080 1112/1311/1080
f 1108/1306/1081 1104/1305/1081 1111/1312/1081 1115/1313/1081
f 1106/1314/1082 1102/1296/1082 1109/1315/1082 1113/1316/1082
f 1087/1304/1083 1090/1297/1083 1107/1300/1083 1104/1305/1083
f 1097/1301/1084 1091/1303/1084 1108/1306/1084 1103/1302/1084
f 1096/1298/1085 1089/1307/1085 1106/1317/1085 1100/1299/1085
f 1089/1307/1086 1085/1293/1086 1102/1296/1086 1106/1317/1086
f 1113/1316/1087 1109/1315/1087 1117/1318/1087 1121/1319/1087
f 1084/1308/1088 1113/1316/1088 1121/1319/1088 1101/1320/1088
f 1110/1310/1089 1115/1313/1089 1123/1321/1089 1118/1322/1089
f 1111/1312/1090 1114/1309/1090 1122/1323/1090 1119/1324/1090
f 1102/1296/1091 1105/1295/1091 1112/1311/1091 1109/1315/1091
f 1104/1305/1092 1107/1300/1092 1114/1309/1092 1111/1312/1092
f 1103/1302/1093 1108/1306/1093 1115/1313/1093 1110/1310/1093
f 1100/1299/1094 1106/1314/1094 1113/1316/1094 1084/1308/1094
f 1122/1323/1095 1101/1320/1095 1116/1325/1095 1119/1324/1095
f 1101/1320/1096 1121/1319/1096 1117/1318/1096 1116/1325/1096
f 1116/1325/1097 1117/1318/1097 1120/1326/1097 1118/1322/1097
f 1119/1324/1098 1116/1325/1098 1118/1322/1098 1123/1321/1098
f 1115/1313/1099 1111/1312/1099 1119/1324/1099 1123/1321/1099
f 1112/1311/1100 1110/1310/1100 1118/1322/1100 1120/1326/1100
f 1114/1309/1101 1084/1308/1101 1101/1320/1101 1122/1323/1101
f 1109/1315/1102 1112/1311/1102 1120/1326/1102 1117/1318/1102
